45014;687447.7770;6086918.9157
44998;687433.9639;6086926.2015
44980;687432.7705;6086944.8776
44960;687439.7023;6086963.6795
44940;687445.4365;6086982.8399
44920;687451.1708;6087002.0002
44900;687456.9050;6087021.1606
44879;687461.4417;6087040.6793
44859;687468.3735;6087059.4812
44839;687474.1077;6087078.6416
44819;687479.8419;6087097.8019
44799;687485.5762;6087116.9623
44779;687490.1129;6087136.4810
44759;687497.0446;6087155.2829
44739;687502.7789;6087174.4433
44719;687508.5131;6087193.6036
44700;687510.4586;6087213.0711
44680;687509.8516;6087233.1009
44660;687511.7433;6087253.0504
44640;687512.3856;6087273.0401
44620;687513.0280;6087293.0298
44600;687513.6703;6087313.0195
44580;687513.0633;6087333.0493
44560;687513.3799;6087352.2635
44540;687505.8822;6087370.8049
44520;687498.3846;6087389.3464
44500;687490.8870;6087407.8878
44480;687482.2305;6087425.9607
44459;687485.0197;6087446.7877
44439;687488.5183;6087466.4793
44419;687492.0169;6087486.1709
44399;687495.5156;6087505.8625
44379;687497.7835;6087525.7728
44359;687502.5129;6087545.2457
44339;687506.0115;6087564.9374
44319;687509.4226;6087584.6368
44299;687512.8052;6087604.3487
44279;687515.0985;6087624.2788
44259;687519.9599;6087643.7192
44239;687523.5920;6087663.3866
44219;687527.2384;6087683.0624
44199;687531.0705;6087702.6937
44179;687533.6758;6087722.5627
44159;687538.7932;6087741.9642
44139;687543.0100;6087761.5163
44119;687547.2268;6087781.0667
44099;687551.4436;6087800.6171
44079;687554.4775;6087820.4521
44059;687560.1386;6087839.6748
44039;687564.5810;6087859.1752
44019;687569.0286;6087878.6806
43999;687573.9734;6087898.0928
43979;687577.7482;6087917.7306
43959;687583.5861;6087936.8903
43939;687587.9872;6087956.3520
43919;687591.8574;6087975.9713
43899;687595.4332;6087995.6269
43879;687597.8336;6088015.5318
43859;687602.7226;6088034.9653
43839;687606.3826;6088054.6276
43819;687611.1592;6088074.1456
43799;687616.5995;6088093.3965
43779;687620.8829;6088112.9724
43759;687627.5704;6088131.8626
43739;687632.9993;6088151.1037
43719;687638.3682;6088170.3696
43699;687643.7370;6088189.6356
43679;687647.9018;6088209.2370
43659;687654.5317;6088228.1558
43639;687659.9657;6088247.4034
43619;687665.3996;6088266.6511
43599;687670.8229;6088285.9005
43579;687675.0354;6088305.4918
43559;687681.6545;6088324.4061
43539;687687.0521;6088343.6614
43519;687692.4303;6088362.9247
43499;687697.8085;6088382.1880
43479;687701.9827;6088401.7875
43459;687708.5824;6088420.7116
43439;687713.9888;6088439.9670
43419;687719.3952;6088459.2225
43399;687724.8015;6088478.4779
43378;687729.0166;6088498.0702
43358;687735.6441;6088516.9815
43338;687741.0684;6088536.2319
43318;687746.4927;6088555.4823
43298;687751.8738;6088574.7413
43278;687756.0418;6088594.3420
43258;687762.6180;6088613.2713
43238;687768.0070;6088632.5344
43218;687773.4218;6088651.7875
43198;687778.8366;6088671.0405
43178;687783.0481;6088690.6320
43158;687789.6451;6088709.5509
43138;687795.0353;6088728.8108
43118;687801.7322;6088747.7809
43098;687809.4333;6088766.2388
43078;687815.9807;6088785.1780
43058;687824.8354;6088803.1546
43038;687832.5365;6088821.6124
43018;687840.2376;6088840.0703
42998;687847.9387;6088858.5282
42978;687854.4862;6088877.4674
42958;687863.3409;6088895.4440
42938;687871.0419;6088913.9018
42918;687878.7430;6088932.3597
42898;687886.4441;6088950.8176
42878;687892.9916;6088969.7568
42858;687901.8463;6088987.7334
42838;687909.5473;6089006.1912
42818;687917.2484;6089024.6491
42798;687924.6076;6089042.9309
42779;687921.8022;6089062.3722
42759;687921.0696;6089082.3979
42739;687919.0931;6089102.3000
42719;687917.1167;6089122.2021
42698;687921.3406;6089141.9993
42678;687926.6541;6089161.3587
42658;687934.5676;6089179.7691
42638;687941.3041;6089198.6004
42618;687948.0405;6089217.4318
42598;687954.9735;6089236.2092
42578;687960.7896;6089255.3856
42558;687968.9481;6089273.6887
42538;687975.9772;6089292.4226
42518;687983.1042;6089311.1097
42498;687990.4237;6089329.7535
42478;687996.8429;6089348.7365
42458;688005.5597;6089366.7767
42438;688013.1013;6089385.3003
42418;688020.7127;6089403.8172
42398;688028.5577;6089422.2144
42378;688035.2682;6089441.1152
42358;688044.4271;6089458.9436
42338;688052.4395;6089477.2685
42318;688060.5021;6089495.5940
42298;688068.8302;6089513.7784
42278;688076.0216;6089532.4825
42258;688085.4859;6089550.1458
42238;688093.9349;6089568.2952
42218;688102.5557;6089586.3419
42198;688111.1764;6089604.3886
42178;688118.6693;6089622.9740
42158;688128.6296;6089640.4080
42138;688137.6336;6089658.2666
42118;688146.6376;6089676.1251
42098;688155.6470;6089693.9872
42078;688163.8434;6089712.2935
42058;688174.2702;6089729.4062
42038;688183.5910;6089747.1015
42018;688192.9118;6089764.7967
41997;688202.4850;6089782.3793
41977;688210.9910;6089800.5235
41957;688221.6899;6089817.4673
41937;688231.4729;6089834.9331
41917;688241.3476;6089852.3254
41897;688251.2223;6089869.7177
41877;688260.1955;6089887.6612
41857;688271.3951;6089904.2784
41837;688281.5224;6089921.5314
41817;688291.7835;6089938.7036
41797;688302.0441;6089955.8710
41777;688311.4809;6089973.5760
41757;688323.0829;6089989.9148
41737;688333.6262;6090006.9147
41717;688344.3765;6090023.7940
41697;688355.1332;6090040.6551
41677;688364.8654;6090058.2007
41657;688376.8851;6090074.2419
41637;688387.8574;6090090.9634
41617;688398.9567;6090107.6245
41597;688410.1973;6090124.1668
41577;688420.4040;6090141.4117
41557;688432.6810;6090157.2535
41537;688444.1224;6090173.6730
41517;688455.5705;6090190.0724
41497;688467.0204;6090206.4735
41477;688477.7449;6090223.4304
41457;688490.5189;6090238.8702
41437;688502.2820;6090255.0451
41417;688514.1552;6090271.1569
41397;688526.1026;6090287.1962
41377;688537.0736;6090303.9923
41357;688550.2695;6090319.0938
41337;688562.4706;6090334.9410
41317;688574.6716;6090350.7882
41297;688587.0582;6090366.5214
41277;688598.5949;6090382.9064
41257;688612.0819;6090397.7274
41237;688624.5937;6090413.3304
41217;688637.1965;6090428.8942
41197;688650.0433;6090444.2226
41177;688661.9320;6090460.3540
41157;688675.7367;6090474.8795
41137;688688.5835;6090490.2080
41116;688701.4613;6090505.5312
41096;688714.6501;6090520.5828
41076;688726.9034;6090536.4390
41056;688741.0356;6090550.6461
41036;688754.2284;6090565.6777
41016;688767.4213;6090580.7095
40996;688780.9593;6090595.4773
40976;688793.6520;6090610.9840
40956;688808.1766;6090624.7897
40936;688821.7853;6090639.4459
40916;688835.3939;6090654.1021
40896;688849.2151;6090668.5880
40876;688862.1784;6090683.8691
40856;688876.9838;6090697.4033
40836;688891.0541;6090711.6169
40816;688905.1360;6090725.8218
40796;688919.2289;6090740.0130
40776;688932.5825;6090754.9864
40756;688947.7483;6090768.0845
40736;688962.1168;6090782.0067
40716;688976.4864;6090795.9176
40696;688991.0144;6090809.6868
40676;689004.7097;6090824.3156
40656;689020.2257;6090837.0300
40636;689034.9127;6090850.6055
40616;689049.6254;6090864.1580
40596;689064.3563;6090877.6946
40576;689078.3658;6090892.0304
40556;689094.0681;6090904.4878
40536;689108.9460;6090917.8537
40516;689123.8732;6090931.1773
40496;689138.8427;6090944.4406
40476;689153.0316;6090958.6232
40456;689168.9560;6090970.7879
40436;689184.0610;6090983.8965
40416;689199.1661;6090997.0052
40396;689214.2712;6091010.1139
40376;689228.5569;6091024.1666
40356;689244.5059;6091036.3066
40336;689259.6371;6091049.3851
40316;689274.7683;6091062.4636
40296;689289.8907;6091075.5505
40276;689304.1913;6091089.5880
40256;689320.1049;6091101.7580
40236;689335.1893;6091114.8905
40216;689350.2736;6091128.0230
40196;689365.3803;6091141.1329
40176;689379.6676;6091155.1841
40156;689395.3869;6091167.5480
40136;689410.2619;6091180.9170
40116;689425.1370;6091194.2861
40096;689439.9965;6091207.6667
40076;689453.9923;6091222.0083
40055;689469.6649;6091234.4956
40035;689484.4990;6091247.9101
40015;689499.1754;6091261.4684
39995;689513.8032;6091275.1076
39975;689527.5785;6091289.6610
39955;689542.9157;6091302.5058
39935;689557.3076;6091316.3937
39915;689571.6995;6091330.2816
39895;689586.0024;6091344.2333
39875;689599.2998;6091359.2246
39855;689614.3604;6091372.4436
39835;689628.4153;6091386.6514
39815;689642.4275;6091400.9223
39795;689656.4035;6091415.2189
39775;689669.4394;6091430.4382
39755;689684.1942;6091443.9760
39735;689697.9734;6091458.4554
39715;689711.6699;6091473.0296
39695;689725.3095;6091487.6477
39675;689738.0081;6091503.1438
39655;689752.3807;6091517.0753
39635;689765.8336;6091531.8746
39615;689779.1376;6091546.7891
39595;689792.4250;6091561.7372
39575;689804.7215;6091577.5419
39555;689818.8045;6091591.7787
39535;689831.8510;6091606.9374
39515;689844.8101;6091622.1523
39495;689857.6863;6091637.4560
39475;689869.5915;6091653.5728
39455;689886.8576;6091664.8595
39434;689907.0655;6091664.4510
39414;689927.0527;6091663.7371
39394;689947.0400;6091663.0232
39374;689967.0719;6091663.5585
39354;689987.0145;6091661.5954
39334;690007.0018;6091660.8815
39314;690026.9890;6091660.1676
39294;690046.9763;6091659.4538
39274;690067.0081;6091659.9891
39254;690086.9508;6091658.0260
39234;690106.9380;6091657.3121
39214;690126.9253;6091656.5982
39194;690146.9125;6091655.8843
39176;690164.8426;6091659.4078
39156;690179.8797;6091671.9900
39136;690194.2078;6091685.9438
39116;690208.5359;6091699.8975
39096;690222.8640;6091713.8512
39076;690236.3199;6091728.7004
39056;690251.5201;6091741.7586
39036;690265.8482;6091755.7123
39016;690280.1763;6091769.6660
38996;690294.5044;6091783.6197
38976;690307.9603;6091798.4690
38956;690323.1605;6091811.5272
38936;690337.4886;6091825.4809
38916;690351.8167;6091839.4346
38896;690366.1448;6091853.3883
38876;690379.6008;6091868.2375
38856;690394.8009;6091881.2957
38836;690409.1290;6091895.2494
38816;690423.4571;6091909.2031
38796;690437.7852;6091923.1569
38776;690451.2412;6091938.0061
38756;690466.4414;6091951.0643
38736;690480.7694;6091965.0180
38716;690495.0975;6091978.9717
38696;690509.4256;6091992.9254
38676;690522.8816;6092007.7746
38656;690538.0818;6092020.8328
38636;690552.4098;6092034.7866
38616;690566.7379;6092048.7403
38596;690581.0660;6092062.6940
38576;690594.5220;6092077.5432
38556;690609.7222;6092090.6014
38536;690624.0502;6092104.5551
38516;690638.3783;6092118.5088
38496;690652.7064;6092132.4625
38476;690666.1624;6092147.3118
38456;690681.3626;6092160.3700
38436;690695.6907;6092174.3237
38416;690710.0187;6092188.2774
38396;690724.3468;6092202.2311
38376;690737.8028;6092217.0803
38356;690753.0030;6092230.1385
38336;690767.3311;6092244.0922
38316;690781.6591;6092258.0459
38296;690795.9872;6092271.9997
38276;690809.4432;6092286.8489
38256;690824.6434;6092299.9071
38236;690838.9715;6092313.8608
38216;690853.2996;6092327.8145
38196;690867.6276;6092341.7682
38176;690881.0836;6092356.6174
38156;690896.2838;6092369.6756
38136;690910.6119;6092383.6294
38116;690924.9400;6092397.5831
38096;690939.2680;6092411.5368
38076;690952.7240;6092426.3860
38056;690967.9242;6092439.4442
38036;690982.2523;6092453.3979
38016;690996.5804;6092467.3516
37996;691010.9085;6092481.3053
37975;691024.3644;6092496.1546
37955;691039.5646;6092509.2128
37935;691053.8927;6092523.1665
37915;691068.2208;6092537.1202
37895;691082.5489;6092551.0739
37875;691096.0048;6092565.9231
37855;691111.2050;6092578.9813
37835;691125.5331;6092592.9350
37815;691139.8612;6092606.8888
37795;691154.1893;6092620.8425
37775;691167.6452;6092635.6917
37755;691182.8454;6092648.7499
37735;691197.1735;6092662.7036
37715;691211.5016;6092676.6573
37695;691225.8297;6092690.6110
37675;691239.2856;6092705.4602
37655;691254.4858;6092718.5184
37635;691268.8139;6092732.4722
37615;691283.1420;6092746.4259
37595;691297.4701;6092760.3796
37575;691310.9261;6092775.2288
37555;691326.1262;6092788.2870
37535;691340.4543;6092802.2407
37515;691354.7824;6092816.1944
37495;691369.1105;6092830.1481
37475;691382.5665;6092844.9974
37455;691397.7667;6092858.0556
37435;691412.0947;6092872.0093
37415;691426.4228;6092885.9630
37395;691440.7509;6092899.9167
37375;691454.2069;6092914.7659
37355;691469.4071;6092927.8241
37335;691483.7351;6092941.7778
37315;691498.0632;6092955.7316
37295;691512.3913;6092969.6853
37275;691525.8356;6092984.5234
37255;691539.1614;6092999.0953
37235;691551.6477;6093014.7188
37215;691564.1340;6093030.3422
37197;691573.7305;6093045.7389
37177;691569.7678;6093065.3823
37157;691568.2818;6093085.3661
37137;691565.5575;6093105.1797
37117;691562.8332;6093124.9933
37097;691560.1089;6093144.8069
37077;691556.1462;6093164.4502
37057;691554.6602;6093184.4340
37037;691551.9359;6093204.2476
37017;691549.2116;6093224.0612
36997;691546.4873;6093243.8748
36977;691542.5246;6093263.5181
36957;691541.0386;6093283.5019
36937;691538.3143;6093303.3155
36917;691535.5900;6093323.1291
36897;691532.8657;6093342.9427
36877;691528.9030;6093362.5860
36857;691527.4170;6093382.5699
36837;691524.6927;6093402.3834
36817;691521.9684;6093422.1970
36797;691520.6482;6093442.2693
36777;691519.0256;6093462.2425
36757;691519.9026;6093482.2623
36737;691519.5299;6093502.2589
36717;691519.1571;6093522.2554
36696;691526.5452;6093541.0308
36676;691541.2912;6093554.5997
36656;691557.6120;6093566.2270
36636;691573.1454;6093578.8251
36616;691588.6789;6093591.4233
36596;691604.2123;6093604.0214
36576;691618.9583;6093617.5904
36556;691635.2791;6093629.2176
36536;691650.8126;6093641.8158
36516;691666.3460;6093654.4139
36496;691681.8794;6093667.0120
36477;691695.4712;6093681.2122
36457;691709.7109;6093695.3116
36437;691723.0173;6093710.2427
36417;691736.3238;6093725.1738
36397;691749.6303;6093740.1049
36376;691762.0036;6093755.8676
36356;691776.2433;6093769.9670
36336;691789.5498;6093784.8981
36316;691802.8563;6093799.8292
36296;691816.1628;6093814.7603
36276;691828.5361;6093830.5230
36256;691842.7757;6093844.6225
36236;691856.0822;6093859.5536
36216;691869.3887;6093874.4846
36196;691882.6952;6093889.4157
36176;691895.0685;6093905.1785
36156;691909.3082;6093919.2779
36136;691922.6147;6093934.2090
36116;691935.9211;6093949.1401
36096;691949.2276;6093964.0712
36076;691961.6009;6093979.8339
36056;691975.8406;6093993.9333
36036;691989.1471;6094008.8644
36016;692002.4536;6094023.7955
35996;692015.7601;6094038.7266
35976;692028.1334;6094054.4894
35956;692042.3730;6094068.5888
35936;692055.6795;6094083.5199
35916;692068.9860;6094098.4510
35896;692082.2925;6094113.3821
35876;692094.6658;6094129.1448
35856;692108.9055;6094143.2442
35836;692122.2120;6094158.1753
35816;692135.5185;6094173.1064
35796;692148.8249;6094188.0375
35776;692161.1982;6094203.8002
35756;692175.4379;6094217.8997
35736;692188.7444;6094232.8308
35716;692202.0509;6094247.7618
35696;692215.3574;6094262.6929
35676;692227.7307;6094278.4557
35656;692241.9704;6094292.5551
35636;692255.2768;6094307.4862
35616;692268.5833;6094322.4173
35596;692281.8898;6094337.3484
35576;692294.2631;6094353.1111
35556;692308.5028;6094367.2105
35536;692321.8093;6094382.1416
35516;692335.1158;6094397.0727
35496;692348.4223;6094412.0038
35476;692360.7955;6094427.7666
35456;692375.0352;6094441.8660
35436;692388.3417;6094456.7971
35416;692401.6482;6094471.7282
35396;692414.9547;6094486.6593
35376;692427.3280;6094502.4220
35356;692441.5677;6094516.5214
35336;692454.8742;6094531.4525
35316;692468.1806;6094546.3836
35296;692481.4871;6094561.3147
35276;692493.8604;6094577.0774
35256;692508.1001;6094591.1769
35236;692521.4066;6094606.1080
35216;692534.7131;6094621.0390
35196;692548.0196;6094635.9701
35176;692560.3929;6094651.7329
35156;692574.6325;6094665.8323
35136;692587.9390;6094680.7634
35116;692601.2455;6094695.6945
35096;692614.5520;6094710.6256
35075;692626.9253;6094726.3883
35055;692641.1650;6094740.4878
35035;692654.4715;6094755.4188
35015;692667.7780;6094770.3499
34995;692681.0844;6094785.2810
34975;692693.4577;6094801.0438
34955;692707.6974;6094815.1432
34935;692721.0039;6094830.0743
34915;692734.3104;6094845.0054
34895;692747.6169;6094859.9365
34875;692759.9902;6094875.6992
34855;692774.2299;6094889.7986
34835;692787.5363;6094904.7297
34815;692800.8428;6094919.6608
34795;692814.1493;6094934.5919
34775;692826.5226;6094950.3546
34755;692840.7623;6094964.4541
34735;692854.0688;6094979.3852
34715;692867.3753;6094994.3162
34695;692880.6818;6095009.2473
34675;692893.0550;6095025.0101
34655;692907.2947;6095039.1095
34635;692920.6012;6095054.0406
34615;692933.9077;6095068.9717
34595;692947.2142;6095083.9028
34575;692959.5875;6095099.6655
34555;692973.8272;6095113.7650
34535;692987.1337;6095128.6960
34515;693000.4401;6095143.6271
34495;693013.7466;6095158.5582
34475;693026.1199;6095174.3210
34455;693040.3596;6095188.4204
34435;693053.6661;6095203.3515
34415;693066.9726;6095218.2826
34395;693080.2791;6095233.2137
34375;693092.6524;6095248.9764
34355;693106.8920;6095263.0758
34336;693115.4571;6095279.6285
34316;693118.3182;6095299.4228
34296;693121.1793;6095319.2171
34276;693122.8032;6095339.1902
34256;693126.9014;6095358.8057
34236;693129.7625;6095378.6000
34216;693132.6236;6095398.3943
34196;693135.4846;6095418.1886
34176;693137.1086;6095438.1617
34156;693141.2068;6095457.7772
34136;693144.0679;6095477.5715
34116;693146.9289;6095497.3658
34096;693149.7900;6095517.1601
34076;693151.4139;6095537.1332
34056;693155.5122;6095556.7487
34036;693158.3732;6095576.5430
34016;693161.2343;6095596.3373
33996;693164.0954;6095616.1316
33976;693165.7193;6095636.1047
33956;693169.8175;6095655.7202
33936;693172.6465;6095675.4519
33918;693164.4758;6095691.0849
33898;693147.6065;6095701.8286
33878;693130.0658;6095711.5180
33858;693113.8680;6095723.3160
33838;693096.9987;6095734.0597
33818;693080.1294;6095744.8035
33798;693063.2601;6095755.5472
33778;693045.7193;6095765.2365
33758;693029.5215;6095777.0346
33738;693012.6523;6095787.7783
33718;692995.7830;6095798.5220
33698;692978.9137;6095809.2657
33678;692961.3729;6095818.9551
33658;692945.1751;6095830.7531
33638;692928.3058;6095841.4968
33618;692911.4366;6095852.2405
33598;692894.5673;6095862.9843
33578;692877.0265;6095872.6736
33558;692860.8287;6095884.4717
33538;692843.9594;6095895.2154
33518;692827.0901;6095905.9591
33498;692810.2209;6095916.7028
33478;692792.6801;6095926.3922
33458;692776.4823;6095938.1902
33438;692759.6130;6095948.9339
33418;692743.3138;6095960.7195
33398;692727.8192;6095973.3654
33378;692711.5343;6095985.0429
33358;692696.8301;6095998.6572
33338;692681.3356;6096011.3031
33318;692665.8410;6096023.9490
33298;692650.3465;6096036.5949
33278;692634.0616;6096048.2724
33258;692618.1977;6096059.9736
33238;692601.1656;6096070.4572
33218;692584.1334;6096080.9407
33198;692567.1012;6096091.4243
33178;692549.4138;6096100.8433
33158;692533.0368;6096112.3914
33138;692516.0047;6096122.8749
33118;692498.9725;6096133.3585
33098;692481.9403;6096143.8420
33078;692464.2529;6096153.2611
33058;692447.8759;6096164.8091
33038;692430.8438;6096175.2927
33018;692413.8116;6096185.7763
32998;692396.7794;6096196.2598
32978;692379.0920;6096205.6788
32958;692362.7151;6096217.2269
32938;692345.7438;6096227.2866
32918;692326.2511;6096229.0396
32898;692306.2796;6096230.1066
32878;692286.2414;6096229.9254
32858;692266.3366;6096232.2407
32839;692248.7024;6096240.3347
32819;692235.5350;6096255.3886
32799;692222.3676;6096270.4425
32779;692208.2593;6096284.6734
32759;692196.0328;6096300.5503
32739;692182.8654;6096315.6042
32719;692169.6980;6096330.6581
32699;692156.5306;6096345.7119
32679;692142.4223;6096359.9429
32659;692130.1958;6096375.8197
32639;692117.0284;6096390.8736
32619;692103.8610;6096405.9275
32599;692090.6936;6096420.9814
32579;692076.5854;6096435.2123
32559;692064.3588;6096451.0892
32539;692051.1914;6096466.1431
32519;692038.0240;6096481.1970
32499;692024.8566;6096496.2509
32479;692010.7484;6096510.4818
32459;691998.5219;6096526.3587
32439;691985.3545;6096541.4125
32419;691974.5115;6096558.4364
32399;691964.6437;6096575.8325
32378;691953.6886;6096592.6119
32358;691944.9080;6096610.6248
32338;691935.0402;6096628.0210
32318;691925.1724;6096645.4171
32298;691915.3045;6096662.8133
32278;691905.2676;6096680.6071
32258;691900.7302;6096700.1257
32238;691894.9954;6096719.2858
32218;691889.2606;6096738.4460
32198;691883.5257;6096757.6062
32178;691876.5934;6096776.4079
32158;691872.0561;6096795.9265
32138;691866.3212;6096815.0866
32118;691860.5864;6096834.2468
32098;691854.8515;6096853.4070
32078;691847.9192;6096872.2087
32058;691843.3819;6096891.7273
32038;691837.6470;6096910.8874
32018;691831.9122;6096930.0476
31998;691826.1774;6096949.2077
31978;691819.2450;6096968.0095
31958;691814.7077;6096987.5281
31938;691808.9729;6097006.6882
31918;691803.2380;6097025.8484
31898;691797.5032;6097045.0085
31878;691790.5708;6097063.8103
31858;691786.0335;6097083.3288
31838;691780.2987;6097102.4890
31818;691774.5638;6097121.6492
31798;691768.8290;6097140.8093
31777;691768.2038;6097161.2303
31757;691772.7449;6097180.7480
31737;691776.0532;6097200.4725
31717;691779.3615;6097220.1969
31697;691782.6698;6097239.9214
31677;691784.7454;6097259.8527
31657;691789.2865;6097279.3704
31637;691792.5948;6097299.0949
31618;691794.0121;6097318.2097
31598;691788.0938;6097337.3139
31578;691780.9814;6097356.0483
31558;691776.2571;6097375.5225
31538;691770.3387;6097394.6267
31518;691764.4204;6097413.7310
31498;691758.5020;6097432.8353
31478;691751.3896;6097451.5696
31458;691746.6653;6097471.0438
31438;691740.7469;6097490.1481
31418;691734.8286;6097509.2524
31398;691728.9102;6097528.3566
31378;691721.7979;6097547.0910
31358;691717.0735;6097566.5652
31338;691711.1552;6097585.6694
31318;691705.2368;6097604.7737
31298;691698.8873;6097623.2169
31278;691684.2767;6097636.7031
31258;691671.3106;6097651.9819
31238;691657.4437;6097666.3940
31218;691643.5768;6097680.8062
31198;691629.7099;6097695.2183
31178;691614.9423;6097708.7637
31158;691601.9761;6097724.0425
31138;691588.1092;6097738.4547
31118;691574.2424;6097752.8668
31098;691560.3755;6097767.2789
31078;691545.6078;6097780.8243
31058;691532.6417;6097796.1032
31038;691518.7748;6097810.5153
31018;691504.9402;6097825.2076
30998;691500.9271;6097845.1717
30978;691498.4653;6097865.0590
30957;691498.4988;6097885.0980
30937;691497.2847;6097905.0611
30917;691496.0705;6097925.0242
30897;691494.8564;6097944.9873
30877;691492.3945;6097964.8745
30857;691492.4281;6097984.9135
30837;691491.2139;6098004.8766
30817;691489.9998;6098024.8397
30797;691488.7856;6098044.8029
30777;691486.3238;6098064.6901
30757;691486.3573;6098084.7291
30737;691485.1432;6098104.6922
30717;691483.9290;6098124.6553
30697;691482.7149;6098144.6184
30677;691480.2531;6098164.5056
30657;691480.2866;6098184.5446
30637;691479.0725;6098204.5078
30617;691477.8583;6098224.4709
30597;691476.6442;6098244.4340
30577;691474.1823;6098264.3212
30557;691474.2159;6098284.3602
30537;691473.0017;6098304.3233
30517;691471.7876;6098324.2864
30497;691470.5734;6098344.2495
30477;691468.1116;6098364.1368
30457;691468.1451;6098384.1758
30437;691466.9310;6098404.1389
30417;691465.7168;6098424.1020
30397;691464.5027;6098444.0651
30377;691462.0408;6098463.9523
30357;691462.0744;6098483.9913
30337;691460.8602;6098503.9544
30317;691459.6461;6098523.9175
30297;691458.4319;6098543.8807
30277;691455.9701;6098563.7679
30257;691456.0036;6098583.8069
30238;691450.9212;6098601.6681
30218;691436.7274;6098615.7347
30198;691422.5208;6098629.8120
30178;691407.4343;6098643.0014
30158;691394.1075;6098657.9667
30138;691379.9008;6098672.0440
30118;691365.6942;6098686.1213
30098;691351.4875;6098700.1987
30078;691336.4010;6098713.3881
30058;691323.0742;6098728.3533
30038;691309.0699;6098742.7067
30018;691295.5361;6098757.4321
29998;691282.0023;6098772.1574
29978;691267.5482;6098786.0369
29958;691254.9348;6098801.6082
29938;691241.4010;6098816.3336
29918;691227.8672;6098831.0589
29898;691214.3334;6098845.7843
29878;691199.8793;6098859.6638
29858;691187.2658;6098875.2351
29838;691173.7321;6098889.9604
29818;691160.1983;6098904.6858
29798;691146.6645;6098919.4112
29778;691132.2104;6098933.2907
29758;691126.4602;6098952.1067
29738;691129.3206;6098971.9010
29718;691132.1811;6098991.6954
29698;691135.0415;6099011.4898
29678;691136.6648;6099031.4630
29661;691126.0366;6099044.6542
29641;691111.3903;6099058.2735
29621;691096.7440;6099071.8928
29601;691082.0977;6099085.5121
29581;691066.6002;6099098.2160
29561;691052.8051;6099112.7507
29541;691038.1588;6099126.3700
29521;691023.5125;6099139.9894
29501;691008.8662;6099153.6087
29481;690993.3686;6099166.3126
29461;690979.5735;6099180.8473
29441;690964.9272;6099194.4666
29421;690950.2809;6099208.0859
29401;690935.6943;6099221.8181
29381;690920.7596;6099235.2246
29361;690907.6839;6099250.4097
29341;690893.7136;6099264.7217
29321;690879.7434;6099279.0336
29301;690865.7732;6099293.3456
29281;690850.9084;6099306.7844
29261;690837.8327;6099321.9695
29241;690823.8624;6099336.2815
29221;690809.8922;6099350.5934
29201;690795.9219;6099364.9054
29181;690781.0572;6099378.3442
29161;690767.9814;6099393.5293
29141;690754.2090;6099408.1053
29121;690741.2963;6099423.4560
29101;690728.7330;6099439.0176
29081;690715.1972;6099453.7940
29061;690703.6065;6099470.1409
29041;690691.0432;6099485.7025
29021;690678.4799;6099501.2641
29001;690665.9167;6099516.8257
28981;690652.3808;6099531.6022
28961;690640.7901;6099547.9490
28941;690628.2269;6099563.5106
28921;690615.6636;6099579.0722
28901;690603.1003;6099594.6339
28881;690589.5644;6099609.4103
28861;690577.9738;6099625.7571
28841;690565.4105;6099641.3187
28821;690552.8472;6099656.8804
28801;690540.2839;6099672.4420
28781;690526.7481;6099687.2184
28760;690515.1574;6099703.5652
28740;690502.5941;6099719.1269
28720;690490.0309;6099734.6885
28700;690477.4676;6099750.2501
28680;690468.9576;6099769.0266
28660;690469.8928;6099789.0438
28640;690469.5780;6099809.0413
28620;690469.2633;6099829.0388
28600;690468.9486;6099849.0363
28580;690467.3840;6099869.0142
28560;690468.3191;6099889.0314
28540;690468.0044;6099909.0289
28520;690467.6897;6099929.0264
28500;690467.3750;6099949.0240
28481;690462.8350;6099966.6864
28463;690447.1765;6099976.9407
28443;690428.8871;6099985.0338
28423;690410.5977;6099993.1268
28403;690392.3083;6100001.2198
28383;690373.5130;6100008.1698
28363;690355.7294;6100017.4059
28343;690337.4400;6100025.4989
28323;690319.1048;6100033.6260
28302;690303.0069;6100045.8902
28282;690286.4847;6100057.2294
28262;690271.5029;6100070.5377
28242;690255.7509;6100082.8614
28222;690239.9989;6100095.1851
28202;690224.2469;6100107.5089
28182;690207.7247;6100118.8481
28162;690192.7429;6100132.1563
28142;690176.9909;6100144.4801
28122;690161.2389;6100156.8038
28102;690145.4869;6100169.1275
28082;690128.9647;6100180.4667
28062;690113.9829;6100193.7750
28042;690098.2309;6100206.0987
28022;690082.4789;6100218.4224
28002;690066.7269;6100230.7462
27982;690050.2046;6100242.0854
27962;690035.2229;6100255.3936
27942;690019.4709;6100267.7174
27922;690003.7189;6100280.0411
27902;689987.9668;6100292.3648
27882;689971.4446;6100303.7040
27862;689955.5973;6100315.5376
27842;689938.6013;6100326.0798
27822;689921.6054;6100336.6220
27802;689904.6095;6100347.1642
27782;689886.9547;6100356.6442
27762;689870.6176;6100368.2487
27742;689853.6217;6100378.7909
27722;689836.6258;6100389.3331
27702;689819.6299;6100399.8754
27682;689801.9750;6100409.3553
27662;689785.6380;6100420.9598
27642;689768.6421;6100431.5020
27622;689752.0270;6100442.8749
27602;689736.6671;6100455.6841
27582;689720.5066;6100467.5332
27562;689705.9473;6100481.3024
27542;689690.9431;6100494.6050
27522;689676.5598;6100508.9498
27501;689673.8915;6100529.1431
27481;689672.3230;6100549.1206
27461;689673.2542;6100569.1380
27441;689672.9355;6100589.1354
27421;689672.6169;6100609.1329
27401;689672.2982;6100629.1304
27381;689670.7297;6100649.1079
27361;689671.6609;6100669.1253
27341;689671.3423;6100689.1227
27321;689671.0236;6100709.1202
27301;689670.7049;6100729.1177
27281;689669.1365;6100749.0952
27261;689670.0676;6100769.1126
27241;689669.7490;6100789.1101
27221;689669.4303;6100809.1075
27201;689669.1117;6100829.1050
27181;689667.5432;6100849.0825
27161;689668.4744;6100869.0999
27141;689668.1557;6100889.0974
27121;689667.8371;6100909.0948
27101;689667.5184;6100929.0923
27081;689665.9499;6100949.0698
27061;689666.8811;6100969.0872
27041;689666.5624;6100989.0847
27021;689666.2438;6101009.0821
27001;689665.9251;6101029.0796
26981;689664.3566;6101049.0571
26961;689665.2878;6101069.0745
26941;689664.9692;6101089.0720
26922;689661.8018;6101107.6850
26902;689648.8029;6101122.7211
26882;689634.7220;6101136.9791
26861;689625.4799;6101155.3985
26841;689629.5686;6101175.2958
26821;689634.4392;6101194.6937
26801;689639.3097;6101214.0916
26781;689642.9680;6101233.7938
26761;689649.0509;6101252.8873
26741;689653.9215;6101272.2852
26721;689658.7921;6101291.6830
26701;689663.6627;6101311.0809
26681;689667.3209;6101330.7832
26661;689673.4039;6101349.8767
26641;689678.2745;6101369.2745
26625;689692.4691;6101376.8230
26608;689709.0804;6101377.1015
26588;689721.2655;6101393.0101
26568;689735.3367;6101407.2777
26548;689748.6900;6101422.2168
26528;689762.2789;6101436.8914
26508;689775.8678;6101451.5659
26488;689788.5395;6101467.0898
26468;689803.0456;6101480.9150
26448;689815.5320;6101495.8547
26429;689819.2700;6101515.1867
26409;689822.6527;6101534.8986
26389;689824.8033;6101554.8219
26369;689829.4179;6101574.3223
26349;689832.8005;6101594.0342
26329;689836.1831;6101613.7461
26309;689839.5658;6101633.4580
26289;689841.7164;6101653.3812
26269;689846.3310;6101672.8817
26249;689849.7136;6101692.5936
26229;689853.0962;6101712.3055
26209;689856.4789;6101732.0173
26189;689858.6295;6101751.9406
26169;689863.2441;6101771.4411
26149;689866.6267;6101791.1529
26129;689870.0093;6101810.8648
26109;689873.3920;6101830.5767
26089;689875.5426;6101850.5000
26068;689880.1572;6101870.0004
26048;689883.5398;6101889.7123
26028;689886.9224;6101909.4242
26008;689890.3051;6101929.1360
25988;689892.4557;6101949.0593
25968;689897.0814;6101968.5595
25948;689900.4887;6101988.2671
25928;689903.8959;6102007.9747
25908;689907.3032;6102027.6823
25894;689896.9222;6102037.5044
25876;689890.8197;6102054.6593
25856;689894.5674;6102074.3051
25836;689898.3152;6102093.9508
25816;689902.0629;6102113.5965
25796;689904.3483;6102133.4839
25776;689909.0505;6102152.9634
25756;689912.5217;6102172.6598
25736;689915.9929;6102192.3563
25716;689919.4641;6102212.0528
25696;689921.7042;6102231.9662
25676;689926.4064;6102251.4457
25656;689929.8776;6102271.1422
25636;689933.3488;6102290.8387
25616;689936.8200;6102310.5351
25596;689939.0601;6102330.4485
25576;689943.7623;6102349.9281
25556;689947.2335;6102369.6245
25536;689950.7047;6102389.3210
25516;689953.9200;6102409.0306
25496;689955.6997;6102428.9905
25476;689959.9508;6102448.5734
25456;689962.9662;6102468.3447
25436;689965.9816;6102488.1161
25416;689962.5265;6102507.2048
25396;689956.7181;6102526.3836
25375;689970.6059;6102541.9498
25355;689985.6696;6102555.1060
25335;690000.7333;6102568.2622
25315;690015.7970;6102581.4183
25295;690030.0384;6102595.5160
25275;690045.9244;6102607.7307
25255;690060.9881;6102620.8869
25235;690076.0518;6102634.0431
25215;690091.1155;6102647.1992
25195;690105.3569;6102661.2969
25175;690121.2103;6102673.5230
25155;690135.9994;6102686.9740
25135;690150.7897;6102700.4369
25115;690165.5800;6102713.8997
25095;690179.5289;6102728.2869
25075;690195.1606;6102740.8253
25055;690209.9508;6102754.2881
25035;690224.7411;6102767.7510
25015;690239.5314;6102781.2138
24995;690253.4803;6102795.6010
24975;690269.1120;6102808.1394
24955;690283.9023;6102821.6022
24935;690298.6926;6102835.0650
24915;690313.4828;6102848.5279
24895;690327.4317;6102862.9151
24875;690343.0634;6102875.4535
24855;690357.8537;6102888.9163
24835;690372.6440;6102902.3791
24815;690387.4343;6102915.8420
24795;690401.3831;6102930.2292
24775;690417.0148;6102942.7676
24755;690431.8051;6102956.2304
24735;690446.5954;6102969.6932
24715;690461.3857;6102983.1561
24695;690475.3345;6102997.5433
24675;690490.9663;6103010.0817
24655;690505.7565;6103023.5445
24635;690520.5468;6103037.0073
24615;690535.3371;6103050.4701
24595;690549.2860;6103064.8574
24575;690564.9177;6103077.3958
24555;690579.7080;6103090.8586
24535;690594.4982;6103104.3214
24515;690609.2765;6103117.7957
24495;690623.2115;6103132.1963
24475;690638.8312;6103144.7497
24455;690653.6085;6103158.2267
24435;690668.3859;6103171.7037
24415;690683.1633;6103185.1807
24395;690697.0983;6103199.5813
24375;690712.6903;6103212.1569
24355;690727.4091;6103225.6978
24335;690742.1279;6103239.2388
24315;690756.8467;6103252.7798
24295;690770.7191;6103267.2406
24275;690786.2842;6103279.8617
24255;690801.0030;6103293.4026
24235;690815.7218;6103306.9436
24215;690829.1222;6103321.2136
24195;690839.0054;6103338.6459
24175;690850.9823;6103354.7119
24157;690859.1621;6103370.9319
24137;690854.4874;6103390.3779
24117;690849.8126;6103409.8239
24097;690843.9225;6103428.9777
24077;690840.4631;6103448.7159
24057;690835.7884;6103468.1619
24037;690831.1136;6103487.6078
24017;690826.4389;6103507.0538
23997;690820.5487;6103526.2077
23977;690817.0894;6103545.9458
23956;690813.8940;6103565.9388
23936;690814.6570;6103585.9242
23916;690815.0408;6103605.8264
23897;690810.9472;6103624.4620
23877;690804.7309;6103643.5124
23857;690797.3527;6103662.1017
23837;690789.9746;6103680.6911
23817;690782.5965;6103699.2804
23797;690774.0565;6103717.4086
23777;690767.8402;6103736.4590
23757;690760.4621;6103755.0484
23737;690753.0839;6103773.6377
23717;690745.7207;6103792.2374
23697;690737.2411;6103810.3939
23677;690731.0883;6103829.4650
23657;690723.7721;6103848.0788
23637;690716.4559;6103866.6926
23617;690709.1397;6103885.3063
23597;690700.6601;6103903.4629
23577;690694.5073;6103922.5339
23557;690687.1911;6103941.1477
23537;690679.8749;6103959.7615
23517;690672.5699;6103978.3842
23497;690664.1516;6103996.5692
23477;690658.0631;6104015.6609
23457;690650.8097;6104034.2993
23437;690643.5822;6104052.9571
23417;690636.4606;6104071.6462
23397;690628.1710;6104089.8902
23377;690622.2175;6104109.0244
23357;690614.7622;6104127.5390
23337;690607.0581;6104145.9957
23317;690595.1050;6104161.5139
23297;690581.4956;6104176.2227
23277;690569.8236;6104192.5115
23257;690557.1829;6104208.0103
23237;690544.5422;6104223.5091
23217;690531.9016;6104239.0079
23197;690518.2922;6104253.7167
23177;690506.6202;6104270.0056
23157;690493.9795;6104285.5044
23137;690481.3113;6104300.9761
23117;690468.6268;6104316.4391
23097;690454.9759;6104331.1093
23077;690443.2578;6104347.3650
23057;690430.5974;6104362.7170
23038;690413.2128;6104371.1031
23018;690394.5811;6104378.3737
22998;690375.4951;6104384.4798
22978;690357.3178;6104392.9149
22958;690338.6862;6104400.1854
22938;690320.0545;6104407.4560
22918;690301.4228;6104414.7266
22898;690282.3368;6104420.8327
22878;690264.1595;6104429.2677
22858;690245.5279;6104436.5383
22838;690226.8962;6104443.8089
22818;690208.2645;6104451.0794
22798;690189.1785;6104457.1855
22778;690171.0012;6104465.6206
22758;690152.3695;6104472.8911
22738;690133.7379;6104480.1617
22718;690115.1062;6104487.4323
22698;690096.0202;6104493.5384
22678;690077.8429;6104501.9734
22658;690059.2112;6104509.2440
22638;690040.5796;6104516.5146
22618;690021.9479;6104523.7851
22598;690002.8618;6104529.8912
22577;689984.6846;6104538.3263
22557;689966.0529;6104545.5969
22537;689947.4213;6104552.8674
22517;689928.7896;6104560.1380
22497;689909.7035;6104566.2441
22477;689891.5263;6104574.6791
22457;689872.8946;6104581.9497
22437;689854.2630;6104589.2203
22417;689835.6313;6104596.4909
22397;689816.5452;6104602.5969
22377;689798.3680;6104611.0320
22357;689779.7363;6104618.3026
22337;689761.1047;6104625.5731
22317;689742.4730;6104632.8437
22297;689723.3869;6104638.9498
22277;689705.2097;6104647.3849
22257;689686.5780;6104654.6554
22237;689667.9464;6104661.9260
22217;689649.3147;6104669.1966
22197;689630.2286;6104675.3027
22177;689612.0514;6104683.7377
22157;689593.4197;6104691.0083
22137;689574.7881;6104698.2789
22117;689556.1564;6104705.5494
22097;689537.0703;6104711.6555
22077;689518.8931;6104720.0906
22057;689500.2614;6104727.3611
22037;689481.6298;6104734.6317
22017;689462.9981;6104741.9023
21997;689443.9120;6104748.0084
21978;689425.6480;6104753.0295
21958;689405.7005;6104751.5812
21938;689385.7530;6104750.1329
21918;689365.8055;6104748.6847
21898;689345.9485;6104745.9897
21878;689325.9105;6104745.7881
21858;689305.9630;6104744.3398
21838;689286.0155;6104742.8916
21818;689266.0680;6104741.4433
21798;689246.2110;6104738.7483
21778;689226.1730;6104738.5468
21758;689206.2255;6104737.0985
21738;689186.2780;6104735.6502
21718;689166.3305;6104734.2020
21698;689146.4736;6104731.5070
21678;689126.4356;6104731.3054
21658;689106.4881;6104729.8572
21638;689086.5406;6104728.4089
21618;689066.5931;6104726.9606
21598;689046.7361;6104724.2656
21578;689026.6981;6104724.0641
21558;689006.7506;6104722.6158
21538;688986.8031;6104721.1675
21518;688966.8556;6104719.7193
21498;688946.9986;6104717.0243
21478;688926.9606;6104716.8227
21458;688907.0131;6104715.3745
21438;688887.0656;6104713.9262
21418;688867.1181;6104712.4779
21398;688847.2612;6104709.7829
21378;688827.2231;6104709.5814
21358;688807.2757;6104708.1331
21338;688787.3282;6104706.6849
21318;688767.3807;6104705.2366
21297;688746.9610;6104706.0240
21277;688728.5039;6104713.8276
21257;688709.6327;6104720.4517
21237;688690.7616;6104727.0759
21217;688671.8904;6104733.7000
21197;688652.6052;6104739.1447
21177;688634.1481;6104746.9484
21157;688615.2769;6104753.5725
21137;688596.4058;6104760.1967
21117;688577.5346;6104766.8208
21097;688558.2495;6104772.2655
21077;688539.7923;6104780.0691
21057;688520.9212;6104786.6933
21037;688502.0500;6104793.3175
21017;688483.1788;6104799.9416
20997;688463.8937;6104805.3863
20977;688445.4365;6104813.1899
20957;688426.5654;6104819.8141
20937;688407.6942;6104826.4383
20917;688388.8231;6104833.0624
20897;688369.5379;6104838.5071
20877;688351.0807;6104846.3107
20857;688332.2096;6104852.9349
20837;688317.4507;6104866.6410
20817;688310.4633;6104885.3807
20797;688302.3047;6104903.6837
20777;688296.4885;6104922.8601
20757;688289.5012;6104941.5998
20737;688282.5138;6104960.3395
20718;688264.5443;6104965.5116
20698;688244.9628;6104969.7693
20678;688226.0638;6104976.4321
20658;688206.8236;6104981.8923
20638;688187.5834;6104987.3526
20618;688168.3432;6104992.8128
20598;688148.7617;6104997.0705
20578;688129.8628;6105003.7333
20558;688110.6226;6105009.1935
20538;688091.2118;6105011.4632
20518;688071.2159;6105011.8713
20498;688051.1946;6105011.0296
20478;688031.2243;6105012.6875
20458;688011.2284;6105013.0955
20438;687991.2326;6105013.5036
20418;687971.2368;6105013.9117
20398;687950.6543;6105015.0768
20378;687932.5926;6105023.7565
20358;687914.0608;6105031.2779
20338;687895.5290;6105038.7994
20318;687876.9972;6105046.3209
20297;687857.9953;6105052.6841
20277;687839.9336;6105061.3638
20257;687821.4018;6105068.8853
20237;687803.6097;6105078.7991
20217;687798.1637;6105098.4261
20197;687793.8789;6105118.0017
20177;687792.0649;6105137.9584
20157;687789.0154;6105157.7246
20137;687785.9681;6105177.4921
20117;687782.9357;6105197.2609
20097;687778.6678;6105216.8402
20077;687776.8709;6105236.7985
20057;687773.8386;6105256.5673
20037;687770.8062;6105276.3360
20017;687767.7738;6105296.1048
19997;687763.5059;6105315.6841
19976;687761.7090;6105335.6424
19956;687758.6767;6105355.4112
19936;687755.6443;6105375.1799
19916;687752.6119;6105394.9487
19896;687748.3440;6105414.5280
19876;687746.5471;6105434.4863
19856;687743.5148;6105454.2551
19836;687740.4824;6105474.0238
19816;687737.4500;6105493.7926
19796;687733.1821;6105513.3719
19776;687731.3852;6105533.3302
19756;687728.3529;6105553.0990
19736;687725.3205;6105572.8677
19716;687722.2881;6105592.6365
19696;687718.0202;6105612.2158
19676;687716.2233;6105632.1741
19656;687713.1910;6105651.9429
19636;687710.1586;6105671.7116
19616;687707.1262;6105691.4804
19596;687702.8583;6105711.0597
19576;687701.0614;6105731.0180
19556;687698.0291;6105750.7868
19536;687694.9967;6105770.5556
19516;687691.9643;6105790.3243
19496;687687.6964;6105809.9036
19476;687685.8995;6105829.8619
19456;687682.8672;6105849.6307
19436;687679.8348;6105869.3995
19416;687676.8024;6105889.1682
19396;687672.5345;6105908.7475
19376;687670.7376;6105928.7058
19356;687667.7053;6105948.4746
19336;687664.6729;6105968.2434
19316;687661.6405;6105988.0121
19296;687657.3726;6106007.5914
19276;687655.5757;6106027.5497
19256;687652.5434;6106047.3185
19236;687649.5110;6106067.0873
19216;687646.4786;6106086.8560
19196;687642.2107;6106106.4353
19176;687640.4138;6106126.3936
19156;687637.3815;6106146.1624
19136;687634.3491;6106165.9312
19116;687631.3167;6106185.6999
19096;687627.0488;6106205.2792
19076;687625.2519;6106225.2375
19056;687622.2196;6106245.0063
19036;687619.1872;6106264.7751
19016;687616.1548;6106284.5438
18996;687611.8869;6106304.1231
18976;687610.0900;6106324.0814
18956;687607.0577;6106343.8502
18936;687604.0253;6106363.6190
18916;687600.9929;6106383.3877
18895;687598.2629;6106403.4782
18875;687599.6174;6106423.4714
18855;687599.7220;6106443.4711
18835;687599.8266;6106463.4708
18815;687599.9312;6106483.4706
18795;687598.7858;6106503.4768
18775;687600.1403;6106523.4700
18755;687600.2449;6106543.4697
18735;687600.3495;6106563.4695
18715;687600.4540;6106583.4692
18695;687599.3086;6106603.4755
18675;687600.6632;6106623.4687
18655;687600.7678;6106643.4684
18635;687600.8723;6106663.4681
18615;687600.9769;6106683.4678
18595;687599.8315;6106703.4741
18575;687601.1861;6106723.4673
18555;687601.2906;6106743.4670
18535;687601.3952;6106763.4667
18516;687597.7666;6106782.6158
18496;687591.0498;6106801.4956
18476;687586.7361;6106821.0648
18456;687581.2208;6106840.2893
18436;687575.7055;6106859.5138
18416;687570.1902;6106878.7383
18396;687563.4733;6106897.6181
18375;687559.1596;6106917.1873
18355;687553.6443;6106936.4118
18335;687548.1290;6106955.6363
18315;687542.6137;6106974.8608
18295;687535.8969;6106993.7406
18275;687531.5831;6107013.3098
18255;687526.0678;6107032.5343
18235;687521.0918;6107051.9779
18215;687516.7138;6107071.4929
18195;687511.2992;6107090.8223
18175;687508.5181;6107110.6674
18155;687504.5122;6107130.2621
18135;687500.5064;6107149.8569
18115;687496.5006;6107169.4516
18095;687491.2701;6107188.7959
18075;687488.4889;6107208.6410
18055;687484.4831;6107228.2358
18035;687480.4772;6107247.8305
18015;687476.4714;6107267.4252
17995;687471.2409;6107286.7696
17975;687468.4597;6107306.6147
17955;687464.4539;6107326.2094
17935;687460.4480;6107345.8041
17915;687456.4422;6107365.3988
17895;687451.2117;6107384.7432
17875;687448.4305;6107404.5883
17855;687444.4247;6107424.1830
17835;687440.4188;6107443.7777
17815;687436.4130;6107463.3725
17795;687431.1830;6107482.7269
17775;687428.6481;6107502.6277
17755;687424.9041;6107522.2742
17735;687421.1601;6107541.9206
17715;687417.4162;6107561.5670
17695;687412.4443;6107580.9795
17675;687409.9282;6107600.8599
17655;687406.1843;6107620.5064
17635;687402.4403;6107640.1528
17615;687398.6963;6107659.7993
17595;687393.7244;6107679.2117
17575;687391.2084;6107699.0921
17555;687387.4644;6107718.7386
17535;687383.7204;6107738.3850
17515;687379.9765;6107758.0315
17495;687375.0046;6107777.4439
17475;687372.4885;6107797.3244
17455;687368.7446;6107816.9708
17435;687365.0006;6107836.6172
17415;687361.2566;6107856.2637
17394;687356.5779;6107876.2078
17373;687366.8606;6107894.4246
17353;687378.7539;6107910.5040
17333;687390.6472;6107926.5835
17313;687402.5405;6107942.6630
17293;687413.4288;6107959.4858
17273;687426.3271;6107974.8219
17253;687438.2204;6107990.9014
17233;687450.1137;6108006.9809
17213;687462.0070;6108023.0603
17193;687472.8953;6108039.8831
17173;687485.7936;6108055.2193
17153;687497.6869;6108071.2988
17133;687509.5802;6108087.3782
17113;687521.4735;6108103.4577
17093;687532.3618;6108120.2805
17073;687545.2601;6108135.6166
17053;687557.1534;6108151.6961
17035;687563.0144;6108169.2237
17015;687562.1581;6108189.2054
16994;687560.0529;6108209.1335
16974;687560.4455;6108229.1687
16954;687559.5891;6108249.1503
16934;687558.7328;6108269.1320
16914;687557.8765;6108289.1137
16894;687555.7713;6108309.0418
16874;687556.1639;6108329.0770
16854;687555.3075;6108349.0586
16834;687554.4512;6108369.0403
16814;687553.5949;6108389.0219
16794;687551.4897;6108408.9501
16774;687551.8823;6108428.9853
16754;687551.0259;6108448.9669
16734;687550.1696;6108468.9486
16714;687549.3133;6108488.9302
16694;687547.2081;6108508.8584
16674;687547.6006;6108528.8936
16654;687546.7443;6108548.8752
16634;687545.8880;6108568.8569
16614;687545.0317;6108588.8385
16594;687542.9265;6108608.7667
16574;687543.3190;6108628.8019
16554;687542.4627;6108648.7835
16535;687541.0213;6108668.3433
16515;687528.3254;6108682.5765
16495;687512.5343;6108694.9136
16475;687498.4023;6108709.1210
16455;687490.5234;6108727.6490
16435;687490.9336;6108747.6448
16415;687491.3438;6108767.6406
16395;687490.5043;6108787.6620
16375;687492.1642;6108807.6322
16355;687492.5744;6108827.6280
16335;687492.9847;6108847.6238
16315;687493.3949;6108867.6196
16295;687492.5554;6108887.6410
16275;687494.2153;6108907.6112
16255;687494.6255;6108927.6070
16235;687495.0358;6108947.6027
16215;687495.4460;6108967.5985
16195;687494.6065;6108987.6200
16175;687496.2664;6109007.5901
16155;687496.6766;6109027.5859
16135;687492.2383;6109046.6091
16115;687486.7738;6109065.8481
16095;687480.1068;6109084.7455
16075;687475.8448;6109104.3261
16055;687470.3803;6109123.5651
16035;687464.9157;6109142.8041
16015;687459.4512;6109162.0431
15995;687452.7843;6109180.9405
15975;687448.5222;6109200.5211
15955;687443.0577;6109219.7601
15935;687437.5932;6109238.9991
15915;687432.1287;6109258.2381
15895;687425.4617;6109277.1355
15875;687421.1996;6109296.7161
15855;687415.7351;6109315.9551
15835;687410.2706;6109335.1941
15815;687404.8061;6109354.4331
15795;687398.1391;6109373.3305
15775;687393.8771;6109392.9111
15755;687388.4125;6109412.1501
15735;687382.9480;6109431.3891
15715;687377.4835;6109450.6281
15695;687370.8166;6109469.5255
15675;687366.5545;6109489.1061
15655;687361.0900;6109508.3451
15635;687355.6255;6109527.5841
15615;687350.1609;6109546.8231
15595;687343.4940;6109565.7205
15575;687339.2319;6109585.3011
15555;687333.7674;6109604.5401
15535;687328.2453;6109623.6105
15515;687320.6364;6109642.1065
15495;687311.8715;6109660.1270
15475;687305.4186;6109679.0987
15455;687297.8096;6109697.5947
15435;687290.2007;6109716.0908
15415;687282.5918;6109734.5868
15395;687273.8268;6109752.6073
15375;687267.3739;6109771.5790
15355;687259.7650;6109790.0750
15335;687252.1560;6109808.5711
15315;687244.5471;6109827.0671
15295;687235.7822;6109845.0876
15275;687229.3292;6109864.0592
15255;687221.7203;6109882.5553
15235;687214.1114;6109901.0514
15215;687206.5025;6109919.5474
15195;687197.7375;6109937.5679
15175;687191.2846;6109956.5395
15155;687183.6757;6109975.0356
15135;687176.0667;6109993.5316
15115;687168.4578;6110012.0277
15095;687159.6929;6110030.0482
15075;687153.2399;6110049.0198
15055;687145.6310;6110067.5159
15035;687138.0221;6110086.0119
15015;687130.4131;6110104.5080
14995;687121.6482;6110122.5285
14975;687115.1953;6110141.5001
14955;687107.5863;6110159.9962
14935;687099.9771;6110178.4938
14915;687092.7334;6110197.1669
14895;687084.4174;6110215.3989
14875;687078.4363;6110234.5245
14855;687071.2877;6110253.2033
14835;687064.1391;6110271.8821
14815;687056.9905;6110290.5610
14794;687049.0014;6110309.1948
14774;687045.2122;6110328.8723
14754;687040.2127;6110348.2374
14734;687035.2131;6110367.6024
14714;687030.2136;6110386.9674
14694;687024.0038;6110406.0200
14674;687020.2146;6110425.6975
14654;687015.2150;6110445.0626
14634;687010.2155;6110464.4276
14614;687005.2160;6110483.7926
14594;686999.0062;6110502.8452
14574;686995.1688;6110522.4860
14554;686989.4571;6110541.6221
14534;686983.6516;6110560.7610
14514;686977.8461;6110579.8999
14494;686970.8444;6110598.6759
14474;686966.2351;6110618.1776
14454;686960.4296;6110637.3164
14434;686954.6241;6110656.4553
14414;686948.8186;6110675.5942
14394;686941.8169;6110694.3702
14374;686937.2075;6110713.8719
14354;686931.4020;6110733.0108
14334;686925.5965;6110752.1496
14314;686919.7910;6110771.2885
14294;686912.7893;6110790.0645
14274;686908.1800;6110809.5662
14254;686902.3745;6110828.7051
14234;686896.5690;6110847.8439
14214;686890.7635;6110866.9828
14194;686883.7618;6110885.7588
14174;686879.1525;6110905.2605
14154;686872.7963;6110924.0841
14134;686865.2689;6110942.6135
14114;686857.7415;6110961.1429
14094;686849.0561;6110979.2019
14074;686842.6868;6110998.2017
14054;686835.1594;6111016.7311
14034;686827.6320;6111035.2606
14014;686820.1047;6111053.7900
13994;686811.4192;6111071.8489
13974;686805.0499;6111090.8488
13954;686797.5226;6111109.3782
13934;686789.9952;6111127.9076
13914;686782.4678;6111146.4370
13895;686772.4534;6111162.6511
13875;686759.8289;6111178.2134
13855;686746.2848;6111192.9292
13835;686732.7406;6111207.6451
13815;686719.1965;6111222.3609
13795;686704.7326;6111236.2302
13775;686692.1081;6111251.7926
13755;686678.5640;6111266.5084
13735;686665.0198;6111281.2242
13715;686651.4757;6111295.9401
13695;686637.0118;6111309.8094
13675;686624.3874;6111325.3717
13655;686610.8432;6111340.0876
13635;686597.2990;6111354.8034
13615;686583.7549;6111369.5192
13595;686569.2910;6111383.3886
13574;686556.6666;6111398.9509
13554;686543.1224;6111413.6667
13534;686529.5782;6111428.3826
13514;686516.0341;6111443.0984
13494;686501.5702;6111456.9677
13474;686488.9458;6111472.5301
13454;686475.4016;6111487.2459
13434;686461.8575;6111501.9618
13414;686448.3133;6111516.6776
13394;686433.8494;6111530.5469
13374;686421.2250;6111546.1093
13354;686407.6808;6111560.8251
13334;686394.1367;6111575.5409
13314;686380.5925;6111590.2568
13294;686366.1286;6111604.1261
13274;686353.5042;6111619.6884
13254;686339.9600;6111634.4043
13234;686326.4159;6111649.1201
13214;686312.8717;6111663.8359
13194;686298.4078;6111677.7053
13174;686285.7834;6111693.2676
13154;686273.1165;6111709.0579
13134;686264.5292;6111727.1205
13114;686255.9420;6111745.1832
13094;686246.2259;6111762.7091
13074;686238.7676;6111781.3085
13054;686230.1803;6111799.3711
13034;686221.5931;6111817.4338
13014;686213.0059;6111835.4964
12994;686203.2897;6111853.0224
12974;686195.8314;6111871.6218
12954;686187.2442;6111889.6844
12934;686178.6570;6111907.7471
12914;686170.0697;6111925.8097
12894;686160.3536;6111943.3357
12874;686152.8953;6111961.9350
12854;686144.3080;6111979.9975
12834;686135.7178;6111998.0587
12814;686127.1276;6112016.1199
12794;686117.4085;6112033.6442
12774;686109.9471;6112052.2424
12754;686101.3569;6112070.3036
12734;686092.7667;6112088.3648
12714;686084.1764;6112106.4260
12693;686080.2718;6112126.5328
12673;686086.1904;6112145.6778
12653;686090.8941;6112165.1168
12633;686095.5977;6112184.5558
12613;686100.3014;6112203.9949
12595;686088.0480;6112217.4548
12575;686072.8636;6112230.2310
12555;686057.4914;6112243.1105
12535;686044.1665;6112258.2583
12515;686037.0243;6112277.2578
12494;686032.8361;6112296.8543
12474;686031.1205;6112316.8197
12454;686028.6895;6112336.8604
12434;686029.3031;6112356.8510
12414;686029.9167;6112376.8416
12394;686029.2808;6112396.8705
12374;686031.1438;6112416.8227
12354;686031.7574;6112436.8133
12334;686032.2024;6112456.6393
12314;686030.2432;6112476.5431
12294;686027.0400;6112496.3245
12274;686026.3248;6112516.3507
12254;686024.3656;6112536.2545
12235;686021.0208;6112555.6034
12215;686014.8434;6112574.6254
12195;686007.4770;6112593.2614
12175;686002.2263;6112612.4985
12155;685994.9477;6112631.1270
12135;685987.6690;6112649.7555
12114;685981.9429;6112669.2985
12095;685983.4685;6112688.9072
12075;685980.4074;6112708.2101
12055;685975.7222;6112727.6536
12035;685971.0370;6112747.0971
12015;685966.3518;6112766.5405
11994;685965.3540;6112787.4352
11974;685977.0275;6112803.8949
11954;685987.5921;6112820.8768
11934;685998.1568;6112837.8588
11914;686008.7215;6112854.8408
11894;686018.2248;6112872.4831
11874;686029.8509;6112888.8048
11854;686040.4155;6112905.7867
11834;686050.9802;6112922.7687
11814;686061.5449;6112939.7507
11794;686071.0482;6112957.3930
11774;686082.6742;6112973.7147
11754;686093.2389;6112990.6966
11734;686103.8036;6113007.6786
11714;686114.3683;6113024.6606
11694;686123.8716;6113042.3029
11674;686135.4976;6113058.6245
11654;686146.0623;6113075.6065
11634;686156.6270;6113092.5885
11614;686167.1917;6113109.5705
11594;686176.6950;6113127.2128
11574;686188.3210;6113143.5344
11554;686198.8857;6113160.5164
11534;686209.4504;6113177.4984
11514;686220.0150;6113194.4804
11495;686221.6601;6113212.6469
11475;686220.6141;6113232.6586
11455;686218.3264;6113252.5273
11435;686216.0386;6113272.3960
11415;686213.7509;6113292.2648
11395;686210.2214;6113311.9905
11375;686209.1754;6113332.0022
11355;686206.8877;6113351.8709
11335;686204.6000;6113371.7397
11315;686202.3122;6113391.6084
11297;686195.2124;6113408.1422
11277;686181.3282;6113422.5918
11257;686166.5984;6113436.1208
11237;686151.8687;6113449.6499
11217;686137.1389;6113463.1789
11197;686121.5636;6113475.7873
11177;686107.6794;6113490.2369
11157;686092.9497;6113503.7660
11137;686078.2199;6113517.2950
11117;686063.4902;6113530.8240
11097;686047.9149;6113543.4324
11077;686034.0307;6113557.8820
11057;686021.8547;6113574.1714
11036;686024.8737;6113594.3040
11016;686029.3260;6113613.8022
10996;686032.5597;6113633.5786
10976;686038.2307;6113652.7984
10956;686042.6830;6113672.2966
10936;686047.1353;6113691.7947
10916;686051.5876;6113711.2928
10896;686054.8213;6113731.0692
10876;686060.4922;6113750.2891
10856;686064.9445;6113769.7872
10836;686069.3968;6113789.2853
10816;686073.8492;6113808.7834
10796;686077.0828;6113828.5598
10776;686082.7538;6113847.7797
10756;686087.2061;6113867.2778
10736;686091.6584;6113886.7759
10716;686096.3203;6113906.2562
10696;686100.0497;6113925.9451
10676;686106.2016;6113945.0165
10656;686111.1422;6113964.3966
10636;686116.0828;6113983.7768
10616;686121.0235;6114003.1569
10596;686124.7528;6114022.8459
10576;686130.9047;6114041.9172
10556;686135.8453;6114061.2974
10536;686140.7860;6114080.6775
10516;686145.7266;6114100.0577
10496;686149.4560;6114119.7466
10476;686155.6078;6114138.8180
10456;686160.5485;6114158.1981
10436;686165.4891;6114177.5783
10416;686170.4297;6114196.9584
10396;686174.1591;6114216.6474
10376;686180.3110;6114235.7187
10355;686187.0954;6114254.9211
10335;686200.2862;6114269.9943
10315;686213.4613;6114285.0415
10295;686225.6960;6114300.9120
10275;686239.8116;6114315.1357
10255;686252.9868;6114330.1828
10235;686266.1619;6114345.2299
10217;686271.4720;6114363.0608
10197;686271.3308;6114383.0993
10177;686273.6858;6114402.9995
10157;686274.7926;6114422.9688
10137;686275.8995;6114442.9382
10117;686277.0064;6114462.9075
10097;686276.8652;6114482.9460
10077;686279.2201;6114502.8462
10056;686282.2938;6114522.7462
10036;686286.1587;6114542.3693
10016;686290.0236;6114561.9923
9996;686298.4435;6114580.6356
9976;686311.1182;6114596.1570
9956;686322.7773;6114612.4071
9936;686334.4363;6114628.6572
9916;686349.9735;6114641.5336
9896;686367.4166;6114651.3976
9876;686385.9523;6114659.0129
9856;686403.9417;6114667.7526
9836;686421.9311;6114676.4922
9816;686439.9205;6114685.2319
9796;686457.3636;6114695.0959
9776;686475.8993;6114702.7112
9756;686493.8886;6114711.4509
9736;686511.8780;6114720.1905
9716;686529.8674;6114728.9302
9696;686547.3106;6114738.7942
9676;686565.8462;6114746.4095
9656;686580.7401;6114758.8357
9636;686594.8661;6114772.9939
9616;686608.9921;6114787.1521
9596;686622.2333;6114802.1932
9576;686637.2442;6114815.4686
9556;686651.3702;6114829.6268
9536;686665.4962;6114843.7850
9516;686679.6222;6114857.9432
9496;686692.8634;6114872.9844
9476;686707.8743;6114886.2597
9456;686722.0003;6114900.4179
9436;686736.1264;6114914.5762
9416;686750.2524;6114928.7344
9396;686763.4935;6114943.7755
9376;686778.5044;6114957.0508
9356;686792.6305;6114971.2091
9336;686806.7565;6114985.3673
9316;686820.8825;6114999.5255
9296;686834.1236;6115014.5666
9276;686849.1346;6115027.8420
9256;686863.2606;6115042.0002
9236;686877.3866;6115056.1584
9216;686891.5126;6115070.3167
9196;686904.7538;6115085.3578
9176;686919.7647;6115098.6331
9156;686933.8907;6115112.7913
9136;686948.0167;6115126.9496
9116;686962.1428;6115141.1078
9096;686975.3839;6115156.1489
9076;686990.3948;6115169.4242
9056;687004.5208;6115183.5825
9036;687018.6469;6115197.7407
9016;687032.7729;6115211.8989
8996;687046.0140;6115226.9400
8976;687061.0249;6115240.2154
8956;687075.1510;6115254.3736
8936;687089.2770;6115268.5318
8916;687103.4030;6115282.6901
8896;687116.6442;6115297.7312
8876;687131.6551;6115311.0065
8856;687145.7811;6115325.1647
8836;687159.9071;6115339.3230
8816;687174.0331;6115353.4812
8796;687187.2743;6115368.5223
8775;687202.2852;6115381.7977
8755;687216.4112;6115395.9559
8735;687230.5373;6115410.1141
8715;687244.6633;6115424.2723
8695;687257.9044;6115439.3134
8675;687272.9153;6115452.5888
8655;687287.0414;6115466.7470
8635;687301.1674;6115480.9052
8615;687315.2934;6115495.0635
8595;687328.5345;6115510.1046
8575;687343.5455;6115523.3799
8555;687357.6715;6115537.5382
8535;687372.4831;6115551.1120
8515;687387.7891;6115563.9855
8495;687402.2905;6115577.8156
8475;687418.4010;6115589.7325
8455;687433.7070;6115602.6060
8435;687449.0130;6115615.4796
8415;687464.3189;6115628.3531
8395;687478.8203;6115642.1832
8375;687494.9309;6115654.1001
8355;687510.2368;6115666.9736
8335;687525.5428;6115679.8471
8315;687540.8488;6115692.7206
8295;687555.3502;6115706.5508
8275;687571.4607;6115718.4677
8255;687586.7667;6115731.3412
8235;687602.0727;6115744.2147
8216;687612.8959;6115759.8937
8196;687619.7118;6115778.7380
8176;687628.8210;6115796.5869
8156;687636.7836;6115814.9335
8136;687644.7461;6115833.2801
8116;687652.7087;6115851.6267
8096;687659.5246;6115870.4710
8076;687668.6338;6115888.3199
8056;687676.5963;6115906.6665
8036;687684.5589;6115925.0131
8016;687692.5215;6115943.3597
7996;687699.3373;6115962.2040
7976;687708.4466;6115980.0529
7956;687716.4091;6115998.3995
7936;687724.3717;6116016.7461
7916;687732.3342;6116035.0927
7896;687739.1501;6116053.9370
7876;687748.2593;6116071.7859
7856;687756.2219;6116090.1325
7836;687764.1844;6116108.4791
7816;687772.1470;6116126.8257
7796;687778.9629;6116145.6700
7776;687788.0721;6116163.5189
7756;687796.0346;6116181.8655
7736;687803.9972;6116200.2121
7716;687811.9597;6116218.5587
7696;687818.7756;6116237.4030
7675;687827.8848;6116255.2519
7655;687835.8474;6116273.5985
7637;687840.6761;6116291.8600
7617;687832.6962;6116309.8114
7597;687822.9615;6116327.3270
7577;687815.4834;6116345.9185
7557;687806.8770;6116363.9720
7537;687798.2707;6116382.0256
7517;687789.6643;6116400.0791
7497;687779.9296;6116417.5947
7477;687772.4515;6116436.1862
7457;687763.8452;6116454.2397
7437;687755.2388;6116472.2933
7417;687746.6324;6116490.3468
7397;687736.8977;6116507.8624
7377;687728.4703;6116525.8209
7357;687718.2748;6116543.0270
7337;687708.0793;6116560.2332
7317;687697.8838;6116577.4393
7297;687686.6129;6116594.0083
7277;687677.4750;6116611.9090
7257;687670.2446;6116630.7209
7237;687663.1628;6116649.4252
7217;687656.0809;6116668.1294
7197;687647.8301;6116686.3910
7177;687641.9173;6116705.5378
7157;687634.8355;6116724.2420
7137;687627.7537;6116742.9463
7117;687620.6718;6116761.6505
7097;687612.4210;6116779.9121
7076;687606.5082;6116799.0589
7057;687597.6282;6116816.8301
7037;687588.6261;6116834.6896
7017;687579.6241;6116852.5492
6997;687569.5058;6116869.8461
6977;687561.6199;6116888.2682
6957;687552.6178;6116906.1277
6937;687543.6158;6116923.9873
6917;687534.6137;6116941.8468
6896;687524.4954;6116959.1437
6876;687516.6095;6116977.5658
6856;687507.6074;6116995.4254
6836;687498.6054;6117013.2849
6816;687489.6033;6117031.1444
6796;687479.4850;6117048.4413
6776;687476.0612;6117068.6757
6756;687478.4323;6117088.5346
6736;687480.8033;6117108.3936
6716;687483.1744;6117128.2525
6696;687484.3043;6117148.2597
6676;687487.9166;6117167.9704
6656;687490.2876;6117187.8294
6636;687492.6587;6117207.6883
6616;687495.0298;6117227.5473
6596;687496.1597;6117247.5544
6576;687499.7719;6117267.2652
6556;687502.1430;6117287.1241
6536;687504.5141;6117306.9831
6516;687506.8852;6117326.8420
6496;687508.0151;6117346.8492
6476;687511.6273;6117366.5600
6456;687513.9984;6117386.4189
6436;687516.3695;6117406.2779
6416;687518.7405;6117426.1368
6396;687519.8704;6117446.1440
6376;687523.4827;6117465.8547
6356;687525.8538;6117485.7137
6336;687528.2249;6117505.5726
6316;687530.5959;6117525.4316
6296;687531.7258;6117545.4387
6275;687540.5297;6117564.1161
6255;687549.2290;6117582.1251
6235;687557.9283;6117600.1340
6215;687566.6276;6117618.1430
6195;687574.2013;6117636.6956
6175;687584.0261;6117654.1609
6155;687592.7254;6117672.1698
6135;687601.4247;6117690.1788
6115;687610.1240;6117708.1877
6095;687617.6977;6117726.7404
6075;687627.5226;6117744.2056
6055;687635.7926;6117762.1109
6036;687632.2731;6117780.7657
6016;687625.9913;6117799.7536
5996;687618.5226;6117818.3488
5976;687613.4275;6117837.7293
5956;687607.1456;6117856.7171
5936;687600.8637;6117875.7049
5916;687594.5819;6117894.6928
5896;687587.1132;6117913.2880
5876;687582.0181;6117932.6684
5856;687575.7362;6117951.6563
5836;687569.4543;6117970.6441
5816;687563.1725;6117989.6320
5795;687560.8041;6118010.4126
5774;687577.0506;6118023.5288
5754;687593.3752;6118035.0832
5734;687609.6999;6118046.6377
5714;687626.0246;6118058.1921
5694;687641.6271;6118070.7669
5674;687658.6739;6118081.3011
5654;687674.9985;6118092.8555
5634;687691.3232;6118104.4100
5614;687707.6478;6118115.9644
5594;687723.2504;6118128.5392
5574;687740.2972;6118139.0734
5556;687749.4864;6118154.4219
5536;687749.4706;6118174.4219
5516;687749.4547;6118194.4219
5496;687748.1889;6118214.4209
5476;687749.4230;6118234.4219
5456;687749.4072;6118254.4219
5436;687749.3913;6118274.4219
5416;687749.3755;6118294.4219
5396;687748.1096;6118314.4209
5376;687749.3437;6118334.4219
5356;687756.9533;6118353.0618
5336;687770.6365;6118367.6485
5316;687784.3196;6118382.2352
5296;687797.0910;6118397.6771
5276;687811.6858;6118411.4086
5256;687825.3690;6118425.9953
5236;687839.0521;6118440.5820
5216;687852.7352;6118455.1687
5196;687865.5067;6118470.6106
5176;687880.1015;6118484.3421
5156;687893.8261;6118498.9025
5136;687907.6179;6118513.3864
5116;687921.4098;6118527.8704
5096;687933.2422;6118543.0873
5077;687937.5904;6118561.7513
5057;687939.9485;6118581.6118
5037;687942.3066;6118601.4723
5017;687944.6648;6118621.3328
4997;687945.7816;6118641.3407
4977;687949.3810;6118661.0538
4957;687956.1604;6118680.1998
4937;687971.9116;6118692.6839
4917;687987.6225;6118705.0599
4897;688002.5599;6118718.4179
4877;688019.0444;6118729.8120
4857;688034.7553;6118742.1880
4837;688050.4662;6118754.5641
4817;688066.1772;6118766.9401
4797;688081.1146;6118780.2981
4776;688097.5990;6118791.6922
4756;688113.3100;6118804.0683
4739;688121.9436;6118819.8285
4719;688121.8450;6118839.8283
4698;688120.4965;6118859.8219
4678;688121.6479;6118879.8278
4658;688121.5494;6118899.8275
4638;688121.4509;6118919.8273
4618;688122.1904;6118940.1223
4598;688133.4139;6118957.2818
4578;688147.5841;6118971.4510
4558;688160.8171;6118986.4473
4538;688174.0500;6119001.4436
4518;688187.2830;6119016.4399
4498;688199.5786;6119032.2633
4478;688213.7489;6119046.4325
4458;688226.9818;6119061.4288
4438;688240.2148;6119076.4251
4418;688253.4477;6119091.4214
4397;688265.7434;6119107.2448
4377;688279.9136;6119121.4140
4357;688293.1466;6119136.4103
4337;688306.5295;6119151.4567
4317;688323.2774;6119162.7186
4297;688339.2637;6119174.8016
4277;688357.4062;6119184.1683
4256;688377.6990;6119182.4740
4236;688397.4170;6119179.1271
4218;688415.8217;6119182.0360
4198;688433.2791;6119191.8749
4178;688451.8256;6119199.4636
4158;688469.8276;6119208.1774
4138;688487.8295;6119216.8912
4118;688505.8314;6119225.6049
4098;688523.2888;6119235.4438
4078;688541.8353;6119243.0325
4058;688559.5303;6119251.8600
4039;688569.2049;6119268.2738
4019;688577.2177;6119286.5985
3999;688584.0853;6119305.4240
3979;688593.2434;6119323.2479
3959;688601.2562;6119341.5726
3939;688609.2691;6119359.8973
3919;688617.2819;6119378.2220
3899;688624.1494;6119397.0475
3879;688633.3076;6119414.8714
3859;688641.3204;6119433.1961
3838;688649.5362;6119451.6289
3818;688663.4671;6119466.3192
3798;688676.5341;6119481.5118
3778;688691.3911;6119494.9592
3758;688705.3530;6119509.2793
3738;688719.3150;6119523.5993
3718;688733.2770;6119537.9193
3698;688746.3439;6119553.1120
3678;688761.2009;6119566.5594
3657;688781.0445;6119561.0103
3637;688799.8045;6119554.0775
3617;688818.5644;6119547.1447
3597;688837.7577;6119541.3844
3581;688852.2296;6119549.2502
3561;688867.8134;6119561.7860
3541;688883.3971;6119574.3218
3521;688898.9809;6119586.8576
3501;688913.7811;6119600.3674
3481;688930.1484;6119611.9292
3461;688945.7322;6119624.4650
3441;688961.3159;6119637.0008
3421;688978.3266;6119647.7922
3401;688994.7734;6119659.2405
3381;689012.5178;6119668.5519
3361;689029.6134;6119678.9317
3341;689046.7089;6119689.3115
3321;689063.8045;6119699.6913
3300;689080.2514;6119711.1396
3280;689097.9957;6119720.4510
3261;689108.5393;6119736.2038
3241;689117.2584;6119754.2032
3221;689125.9774;6119772.2026
3201;689133.5715;6119790.7469
3181;689143.4155;6119808.2014
3161;689152.1346;6119826.2008
3141;689160.8536;6119844.2002
3121;689169.5727;6119862.1996
3101;689177.1668;6119880.7439
3081;689187.0108;6119898.1984
3061;689195.7298;6119916.1978
3041;689204.4489;6119934.1971
3021;689213.1679;6119952.1965
3001;689220.7620;6119970.7409
2981;689230.6060;6119988.1953
2961;689239.3251;6120006.1947
2941;689248.0837;6120024.2336
2921;689257.5584;6120041.8469
2901;689265.9323;6120060.0524
2881;689276.5079;6120077.0736
2861;689285.9826;6120094.6869
2841;689295.4574;6120112.3002
2821;689304.9321;6120129.9136
2801;689313.3060;6120148.1191
2781;689323.0633;6120165.4747
2761;689331.5511;6120183.5842
2741;689340.0390;6120201.6938
2721;689348.5268;6120219.8034
2701;689355.8828;6120238.4434
2681;689365.5025;6120256.0225
2661;689373.9904;6120274.1321
2641;689382.4782;6120292.2416
2621;689390.9661;6120310.3512
2601;689398.3221;6120328.9913
2581;689407.9418;6120346.5703
2561;689416.4297;6120364.6799
2541;689424.9175;6120382.7895
2521;689433.4054;6120400.8990
2501;689440.7614;6120419.5391
2481;689450.3811;6120437.1182
2461;689458.8689;6120455.2277
2441;689467.3568;6120473.3373
2421;689475.8446;6120491.4469
2401;689483.2006;6120510.0869
2381;689492.8203;6120527.6660
2361;689501.3082;6120545.7755
2341;689509.7960;6120563.8851
2322;689514.4414;6120582.4476
2302;689513.4321;6120602.4612
2282;689514.9225;6120622.4447
2262;689515.1631;6120642.4433
2242;689515.4037;6120662.4418
2222;689515.6442;6120682.4404
2202;689514.6349;6120702.4540
2182;689516.1253;6120722.4375
2162;689516.3659;6120742.4361
2142;689516.6064;6120762.4346
2122;689516.8470;6120782.4332
2102;689515.8376;6120802.4467
2081;689517.3281;6120822.4303
2061;689517.5687;6120842.4288
2041;689517.8092;6120862.4274
2021;689518.0498;6120882.4259
2001;689517.0404;6120902.4395
1981;689518.5309;6120922.4230
1961;689518.7715;6120942.4216
1941;689519.0120;6120962.4201
1921;689519.2526;6120982.4187
1901;689518.2432;6121002.4323
1881;689519.7337;6121022.4158
1861;689520.1246;6121042.4347
1841;689520.7393;6121062.4253
1821;689521.3541;6121082.4158
1801;689520.7195;6121102.4448
1781;689522.5836;6121122.3969
1761;689523.1984;6121142.3875
1741;689523.8132;6121162.3780
1721;689524.4279;6121182.3686
1701;689523.7933;6121202.3975
1681;689525.6574;6121222.3497
1661;689526.2722;6121242.3402
1641;689526.8870;6121262.3308
1621;689527.5017;6121282.3213
1601;689527.1882;6121302.4103
1581;689529.6409;6121322.2986
1561;689530.8457;6121342.2623
1541;689532.0506;6121362.2260
1521;689533.2555;6121382.1897
1501;689533.2126;6121402.2286
1481;689535.6653;6121422.1170
1461;689536.8240;6121442.0703
1441;689537.8229;6121462.0454
1421;689538.8219;6121482.0204
1401;689538.5723;6121502.0579
1381;689540.8197;6121521.9705
1361;689541.8186;6121541.9455
1341;689542.8176;6121561.9206
1321;689543.8165;6121581.8956
1301;689543.5670;6121601.9331
1281;689545.8143;6121621.8457
1261;689546.8133;6121641.8207
1241;689547.8122;6121661.7958
1221;689548.8111;6121681.7708
1201;689548.5616;6121701.8083
1181;689550.8090;6121721.7209
1161;689551.8079;6121741.6959
1141;689552.8068;6121761.6710
1121;689554.2817;6121781.6748
1101;689555.0665;6121801.6984
1081;689558.3384;6121821.4685
1061;689560.3668;6121841.3654
1041;689562.3952;6121861.2623
1021;689564.4235;6121881.1592
1001;689565.2083;6121901.1828
981;689568.4803;6121920.9529
961;689570.5086;6121940.8498
941;689572.5370;6121960.7467
921;689574.5654;6121980.6435
900;689575.3502;6122000.6672
880;689578.6221;6122020.4373
860;689580.6505;6122040.3342
841;689582.5244;6122060.1314
821;689582.8107;6122080.1294
801;689581.8472;6122100.1452
780;689583.3834;6122120.1253
760;689583.6697;6122140.1232
740;689583.9560;6122160.1212
720;689584.2423;6122180.1191
700;689583.2788;6122200.1350
680;689584.8150;6122220.1150
660;689585.1013;6122240.1130
640;689585.3877;6122260.1109
620;689585.6740;6122280.1089
600;689584.7104;6122300.1247
580;689586.2466;6122320.1048
560;689586.5330;6122340.1027
540;689586.8193;6122360.1007
520;689587.1056;6122380.0986
500;689586.1421;6122400.1145
480;689587.6783;6122420.0945
460;689587.9646;6122440.0925
440;689588.2509;6122460.0904
420;689588.5373;6122480.0884
399;689591.3547;6122500.8157
379;689607.2123;6122513.8099
359;689622.1563;6122527.1019
339;689637.1003;6122540.3938
319;689652.0444;6122553.6858
299;689666.1576;6122567.9117
279;689681.9324;6122580.2697
259;689696.8765;6122593.5616
239;689715.5535;6122601.3290
219;689735.3758;6122598.6687
198;689755.3644;6122597.2473
178;689775.0204;6122593.3481
158;689794.8427;6122590.6879
138;689814.6650;6122588.0276
118;689834.4873;6122585.3673
98;689854.4758;6122583.9460
78;689873.4239;6122576.9239
58;689885.5320;6122561.0056
39;689901.0194;6122549.1141
19;689917.3101;6122537.5117
0;689926.6638;6122520.7894
