0;514593.52;6161430.547
20;514612.245;6161438.006
40;514631.6;6161443.045
60;514650.955;6161448.085
80;514670.309;6161453.124
100;514690.294;6161455.744
120;514709.019;6161463.203
139;514728.12;6161465.578
158;514747.081;6161462.457
178;514766.078;6161456.269
198;514784.319;6161447.695
218;514804.109;6161443.875
238;514823.125;6161437.677
258;514842.14;6161431.48
278;514861.156;6161425.283
298;514879.397;6161416.709
318;514899.187;6161412.889
338;514918.203;6161406.692
358;514937.219;6161400.495
378;514956.234;6161394.297
398;514974.475;6161385.723
418;514994.266;6161381.903
438;515013.281;6161375.706
455;515029.74;6161372.972
479;515038.362;6161350.497
499;515045.197;6161331.536
519;515056.49;6161314.841
539;515065.554;6161297.013
559;515074.618;6161279.185
579;515083.682;6161261.357
599;515090.518;6161242.395
619;515101.81;6161225.7
639;515110.875;6161207.872
659;515119.939;6161190.044
679;515129.003;6161172.216
699;515135.838;6161153.255
719;515147.131;6161136.56
739;515156.195;6161118.732
759;515165.259;6161100.903
779;515174.323;6161083.075
799;515181.159;6161064.114
819;515192.451;6161047.419
839;515201.515;6161029.591
859;515210.579;6161011.763
879;515219.644;6160993.935
899;515226.479;6160974.973
919;515237.772;6160958.278
939;515246.836;6160940.45
959;515255.9;6160922.622
979;515264.964;6160904.794
999;515271.8;6160885.833
1019;515283.092;6160869.138
1039;515292.156;6160851.31
1059;515301.22;6160833.481
1079;515310.284;6160815.653
1099;515317.12;6160796.692
1119;515328.413;6160779.997
1139;515337.477;6160762.169
1159;515346.541;6160744.341
1179;515355.605;6160726.513
1198;515362.059;6160707.824
1218;515369.537;6160689.925
1237;515373.845;6160670.395
1257;515378.154;6160650.864
1277;515382.462;6160631.334
1297;515384.329;6160611.265
1318;515391.078;6160592.273
1337;515395.386;6160572.742
1357;515399.695;6160553.212
1377;515404.003;6160533.681
1397;515405.87;6160513.612
1417;515412.619;6160494.62
1437;515416.928;6160475.09
1457;515421.236;6160455.559
1477;515425.544;6160436.029
1497;515427.411;6160415.96
1517;515434.16;6160396.968
1537;515438.469;6160377.438
1557;515442.777;6160357.907
1577;515447.085;6160338.377
1597;515448.952;6160318.308
1617;515455.702;6160299.316
1637;515460.01;6160279.785
1657;515464.318;6160260.255
1677;515468.626;6160240.724
1697;515470.493;6160220.655
1717;515477.243;6160201.663
1737;515481.551;6160182.133
1757;515485.859;6160162.602
1777;515490.167;6160143.072
1797;515491.097;6160123.187
1817;515496.491;6160103.767
1837;515499.413;6160083.982
1857;515502.334;6160064.196
1877;515505.256;6160044.411
1897;515505.704;6160024.26
1917;515511.099;6160004.84
1937;515514.02;6159985.054
1957;515516.942;6159965.269
1977;515519.863;6159945.483
1997;515520.312;6159925.333
2017;515525.706;6159905.912
2037;515528.628;6159886.127
2057;515531.549;6159866.341
2077;515534.471;6159846.556
2097;515534.919;6159826.405
2117;515540.314;6159806.985
2137;515543.235;6159787.2
2157;515546.157;6159767.414
2177;515549.078;6159747.629
2197;515549.526;6159727.478
2217;515554.921;6159708.058
2237;515557.842;6159688.272
2257;515560.764;6159668.487
2276;515562.635;6159648.821
2296;515561.243;6159628.714
2317;515564.843;6159608.882
2336;515565.946;6159588.913
2356;515567.05;6159568.943
2376;515568.154;6159548.973
2396;515566.761;6159528.866
2416;515570.361;6159509.034
2436;515571.465;6159489.065
2456;515572.569;6159469.095
2476;515573.672;6159449.126
2496;515572.28;6159429.018
2516;515575.88;6159409.187
2536;515576.984;6159389.217
2556;515578.087;6159369.248
2576;515579.191;6159349.278
2596;515577.799;6159329.171
2616;515581.398;6159309.339
2636;515582.502;6159289.37
2656;515583.606;6159269.4
2676;515584.71;6159249.431
2696;515583.317;6159229.323
2716;515586.917;6159209.492
2736;515588.021;6159189.522
2756;515589.124;6159169.553
2777;515591.26;6159149.264
2797;515593.408;6159129.223
2817;515600.423;6159110.328
2836;515602.783;6159090.964
2856;515603.857;6159070.993
2876;515604.932;6159051.022
2896;515603.51;6159030.916
2916;515607.081;6159011.08
2936;515608.155;6158991.109
2956;515609.23;6158971.137
2976;515610.304;6158951.166
2996;515608.883;6158931.061
3016;515612.454;6158911.224
3036;515613.528;6158891.253
3056;515615.879;6158871.18
3076;515618.734;6158851.385
3096;515619.114;6158831.233
3116;515624.443;6158811.795
3136;515627.298;6158791.999
3156;515630.152;6158772.204
3176;515633.007;6158752.409
3196;515633.387;6158732.257
3216;515638.716;6158712.818
3236;515641.571;6158693.023
3256;515644.426;6158673.228
3276;515647.28;6158653.433
3296;515647.66;6158633.281
3316;515652.989;6158613.842
3336;515655.844;6158594.047
3356;515658.699;6158574.252
3376;515661.553;6158554.457
3396;515661.934;6158534.305
3416;515666.7;6158515.121
3435;515664.673;6158495.699
3456;515662.948;6158475.311
3476;515665.474;6158455.239
3496;515665.817;6158435.086
3516;515671.11;6158415.638
3536;515673.928;6158395.837
3556;515676.746;6158376.037
3576;515679.564;6158356.237
3596;515679.907;6158336.084
3616;515685.2;6158316.636
3636;515688.018;6158296.835
3656;515690.836;6158277.035
3676;515693.654;6158257.234
3696;515693.997;6158237.081
3716;515699.29;6158217.633
3736;515702.108;6158197.833
3756;515704.926;6158178.032
3776;515707.744;6158158.232
3796;515708.087;6158138.079
3816;515713.38;6158118.631
3836;515716.198;6158098.83
3856;515719.016;6158079.03
3876;515721.834;6158059.229
3896;515722.177;6158039.077
3916;515727.47;6158019.628
3936;515730.288;6157999.828
3956;515733.106;6157980.027
3975;515735.924;6157960.227
3996;515736.267;6157940.074
4016;515741.56;6157920.626
4036;515744.378;6157900.826
4056;515747.196;6157881.025
4075;515750.014;6157861.225
4096;515750.357;6157841.072
4116;515755.65;6157821.624
4136;515758.468;6157801.823
4155;515761.286;6157782.023
4175;515764.104;6157762.222
4195;515764.447;6157742.069
4216;515769.74;6157722.621
4235;515772.558;6157702.821
4255;515775.376;6157683.02
4275;515778.194;6157663.22
4295;515778.537;6157643.067
4316;515783.83;6157623.619
4335;515786.648;6157603.818
4355;515789.466;6157584.018
4375;515792.284;6157564.217
4395;515792.626;6157544.065
4415;515797.919;6157524.616
4435;515800.737;6157504.816
4455;515803.555;6157485.015
4473;515808.518;6157467.887
4496;515810.979;6157445.096
4516;515819.778;6157426.963
4536;515826.21;6157408.026
4556;515832.643;6157389.088
4576;515839.075;6157370.151
4596;515843.14;6157350.409
4616;515851.939;6157332.276
4636;515858.372;6157313.338
4656;515864.804;6157294.401
4676;515871.236;6157275.463
4696;515875.301;6157255.722
4716;515884.1;6157237.589
4736;515890.533;6157218.651
4756;515896.965;6157199.714
4776;515903.397;6157180.776
4796;515907.462;6157161.035
4816;515916.262;6157142.901
4836;515922.694;6157123.964
4856;515929.126;6157105.027
4876;515935.558;6157086.089
4896;515939.623;6157066.348
4916;515948.423;6157048.214
4936;515954.855;6157029.277
4956;515961.287;6157010.339
4976;515967.719;6156991.402
4996;515971.784;6156971.66
5016;515980.584;6156953.527
5036;515987.016;6156934.59
5056;515993.448;6156915.652
5076;515999.88;6156896.715
5096;516003.945;6156876.973
5116;516012.745;6156858.84
5136;516019.177;6156839.902
5156;516025.609;6156820.965
5175;516032.042;6156802.028
5196;516036.107;6156782.286
5216;516044.906;6156764.153
5236;516051.338;6156745.215
5254;516059.625;6156728.591
5276;516054.373;6156706.933
5296;516049.39;6156687.403
5316;516049.367;6156667.248
5336;516046.865;6156647.405
5356;516044.362;6156627.562
5376;516041.859;6156607.719
5397;516038.138;6156587.558
5417;516040.265;6156567.515
5437;516039.894;6156547.518
5457;516039.522;6156527.521
5477;516039.151;6156507.525
5497;516036.279;6156487.575
5517;516038.407;6156467.532
5537;516038.036;6156447.535
5557;516037.664;6156427.539
5577;516037.292;6156407.542
5597;516034.421;6156387.592
5617;516036.549;6156367.549
5637;516036.177;6156347.553
5657;516035.806;6156327.556
5676;516035.434;6156307.559
5697;516032.563;6156287.609
5717;516034.691;6156267.566
5737;516034.319;6156247.57
5756;516033.948;6156227.573
5776;516033.576;6156207.577
5796;516030.705;6156187.627
5817;516032.833;6156167.584
5836;516032.461;6156147.587
5856;516032.089;6156127.59
5876;516031.718;6156107.594
5896;516028.847;6156087.644
5917;516030.974;6156067.601
5936;516030.603;6156047.604
5956;516030.231;6156027.608
5976;516029.86;6156007.611
5996;516026.11;6155988.009
6016;516027.01;6155967.874
6036;516025.418;6155947.937
6056;516023.827;6155928
6076;516022.235;6155908.064
6096;516018.151;6155888.326
6116;516019.052;6155868.191
6136;516017.46;6155848.254
6156;516015.869;6155828.318
6176;516014.277;6155808.381
6196;516010.193;6155788.643
6216;516011.094;6155768.508
6236;516009.502;6155748.571
6256;516007.91;6155728.635
6276;516006.319;6155708.698
6296;516002.235;6155688.961
6316;516003.135;6155668.825
6336;516001.544;6155648.889
6356;515999.952;6155628.952
6376;515998.36;6155609.015
6396;515994.277;6155589.278
6416;515995.177;6155569.142
6436;515993.585;6155549.206
6456;515991.994;6155529.269
6476;515990.402;6155509.333
6496;515986.318;6155489.595
6516;515987.219;6155469.459
6536;515985.627;6155449.523
6556;515984.219;6155429.362
6576;515986.326;6155409.193
6596;515986.278;6155389.037
6616;515991.193;6155369.49
6636;515993.626;6155349.639
6656;515996.06;6155329.787
6676;515998.493;6155309.936
6696;515998.445;6155289.78
6716;516003.36;6155270.233
6736;516005.793;6155250.382
6756;516008.227;6155230.53
6776;516010.66;6155210.679
6796;516010.612;6155190.523
6816;516015.527;6155170.976
6836;516017.96;6155151.125
6856;516020.393;6155131.273
6876;516022.827;6155111.422
6896;516022.779;6155091.266
6916;516027.694;6155071.719
6936;516030.127;6155051.868
6956;516032.56;6155032.016
6976;516034.994;6155012.165
6996;516034.946;6154992.009
7016;516039.86;6154972.462
7036;516042.294;6154952.611
7056;516044.727;6154932.759
7076;516047.161;6154912.908
7096;516047.112;6154892.752
7116;516052.027;6154873.205
7136;516054.461;6154853.353
7156;516055.917;6154833.706
7176;516056.159;6154813.707
7196;516053.9;6154793.679
7216;516056.642;6154773.71
7236;516056.883;6154753.712
7256;516057.124;6154733.713
7276;516057.366;6154713.715
7296;516055.108;6154693.686
7316;516057.849;6154673.718
7336;516058.09;6154653.719
7356;516059.928;6154633.326
7377;516067.315;6154614.046
7398;516078.108;6154595.858
7418;516095.822;6154585.051
7438;516111.962;6154573.239
7458;516128.101;6154561.427
7478;516144.24;6154549.615
7498;516158.903;6154535.786
7518;516176.519;6154525.992
7538;516192.658;6154514.18
7558;516208.798;6154502.368
7578;516224.937;6154490.556
7598;516239.6;6154476.727
7618;516257.216;6154466.932
7638;516273.355;6154455.12
7658;516289.494;6154443.308
7678;516305.634;6154431.496
7698;516320.297;6154417.667
7718;516337.913;6154407.873
7738;516354.052;6154396.061
7758;516370.191;6154384.249
7778;516386.331;6154372.437
7798;516400.994;6154358.608
7818;516418.609;6154348.813
7838;516434.749;6154337.001
7858;516450.888;6154325.189
7878;516467.027;6154313.377
7898;516481.69;6154299.548
7918;516499.306;6154289.754
7938;516515.445;6154277.942
7958;516531.585;6154266.13
7978;516547.724;6154254.318
7998;516562.387;6154240.489
8018;516580.003;6154230.694
8038;516596.142;6154218.882
8058;516612.282;6154207.07
8078;516628.421;6154195.258
8098;516643.084;6154181.429
8118;516660.7;6154171.634
8138;516676.839;6154159.823
8158;516692.978;6154148.011
8178;516709.118;6154136.199
8198;516723.781;6154122.369
8218;516741.397;6154112.575
8238;516757.536;6154100.763
8258;516773.675;6154088.951
8278;516789.815;6154077.139
8298;516804.477;6154063.31
8318;516822.093;6154053.515
8338;516838.233;6154041.704
8358;516854.372;6154029.892
8378;516870.511;6154018.08
8398;516885.174;6154004.25
8418;516902.79;6153994.456
8438;516918.929;6153982.644
8458;516934.932;6153970.857
8475;516944.526;6153956.821
8495;516942.473;6153936.77
8515;516947.916;6153916.963
8536;516953.606;6153897.214
8556;516961.44;6153878.812
8576;516969.275;6153860.41
8596;516974.808;6153841.029
8616;516984.943;6153823.607
8636;516992.777;6153805.205
8656;517000.611;6153786.803
8676;517008.445;6153768.401
8696;517013.979;6153749.02
8716;517024.113;6153731.598
8736;517031.948;6153713.196
8756;517039.782;6153694.794
8775;517047.616;6153676.392
8796;517053.15;6153657.011
8816;517063.284;6153639.589
8836;517071.118;6153621.187
8855;517078.952;6153602.785
8875;517086.786;6153584.383
8895;517092.32;6153565.002
8916;517102.455;6153547.58
8935;517110.289;6153529.178
8955;517118.123;6153510.776
8975;517125.957;6153492.374
8995;517131.491;6153472.993
9016;517141.625;6153455.571
9035;517149.459;6153437.169
9055;517157.294;6153418.767
9076;517167.68;6153400.754
9096;517166.502;6153380.757
9116;517172.8;6153361.61
9136;517176.645;6153341.983
9156;517180.49;6153322.357
9176;517184.335;6153302.73
9196;517185.727;6153282.622
9216;517192.026;6153263.476
9236;517195.871;6153243.849
9256;517199.716;6153224.222
9276;517203.561;6153204.595
9296;517204.952;6153184.488
9316;517211.251;6153165.341
9336;517215.096;6153145.714
9356;517218.941;6153126.087
9376;517222.786;6153106.461
9396;517224.178;6153086.353
9416;517230.476;6153067.207
9436;517234.321;6153047.58
9456;517238.166;6153027.953
9476;517242.011;6153008.326
9496;517243.403;6152988.218
9516;517249.701;6152969.072
9536;517253.546;6152949.445
9556;517257.391;6152929.818
9576;517261.236;6152910.191
9596;517263.013;6152889.708
9617;517273.972;6152871.619
9638;517287.498;6152856.021
9658;517304.74;6152844.867
9678;517322.529;6152835.726
9698;517339.175;6152824.361
9718;517358.106;6152817.444
9738;517375.895;6152808.303
9758;517392.306;6152797.981
9777;517405.319;6152783.598
9797;517415.454;6152766.176
9817;517429.565;6152751.784
9837;517441.688;6152735.877
9857;517453.811;6152719.97
9877;517465.934;6152704.063
9897;517476.069;6152686.641
9917;517490.181;6152672.249
9937;517502.304;6152656.342
9957;517514.427;6152640.435
9977;517526.55;6152624.528
9997;517536.684;6152607.106
10017;517550.306;6152592.745
10036;517558.976;6152574.96
10056;517567.581;6152556.906
10076;517576.187;6152538.852
10096;517582.535;6152519.722
10116;517593.398;6152502.744
10136;517602.003;6152484.69
10156;517610.608;6152466.636
10176;517619.214;6152448.582
10196;517625.563;6152429.452
10216;517636.425;6152412.474
10236;517644.759;6152394.541
10256;517650.972;6152375.639
10276;517657.177;6152356.626
10296;517661.005;6152336.837
10316;517669.587;6152318.6
10336;517675.792;6152299.587
10356;517681.997;6152280.574
10376;517688.202;6152261.561
10396;517692.03;6152241.772
10416;517700.612;6152223.535
10436;517706.817;6152204.521
10456;517713.022;6152185.508
10476;517719.227;6152166.495
10496;517723.056;6152146.707
10516;517731.637;6152128.469
10536;517737.842;6152109.456
10556;517744.047;6152090.443
10576;517750.253;6152071.43
10596;517754.081;6152051.641
10616;517762.663;6152033.404
10636;517768.868;6152014.391
10656;517775.073;6151995.378
10676;517781.278;6151976.365
10696;517785.106;6151956.576
10716;517793.688;6151938.338
10736;517799.893;6151919.325
10756;517806.098;6151900.312
10776;517812.303;6151881.299
10796;517816.132;6151861.51
10816;517824.713;6151843.273
10836;517830.918;6151824.26
10856;517837.123;6151805.247
10876;517843.328;6151786.234
10896;517847.157;6151766.445
10916;517855.739;6151748.208
10936;517861.944;6151729.194
10956;517868.149;6151710.181
10976;517874.354;6151691.168
10996;517878.182;6151671.38
11016;517886.764;6151653.142
11036;517892.969;6151634.129
11056;517899.174;6151615.116
11075;517905.379;6151596.103
11096;517909.207;6151576.314
11116;517917.789;6151558.077
11136;517923.994;6151539.064
11155;517930.199;6151520.051
11175;517936.404;6151501.037
11196;517942.63;6151480.942
11217;517958.073;6151466.492
11238;517975.314;6151455.134
11258;517993.916;6151447.445
11278;518012.409;6151439.902
11297;518027.294;6151428.06
11316;518041.866;6151415.835
11336;518051.815;6151398.733
11356;518061.666;6151381.327
11375;518071.516;6151363.921
11396;518079.191;6151345.284
11416;518091.217;6151329.109
11436;518101.068;6151311.703
11455;518110.918;6151294.297
11475;518120.769;6151276.892
11495;518128.443;6151258.254
11516;518140.47;6151242.08
11535;518150.32;6151224.674
11555;518160.171;6151207.268
11575;518170.021;6151189.862
11595;518177.696;6151171.224
11616;518189.722;6151155.05
11635;518198.264;6151137.532
11655;518202.865;6151118.367
11674;518207.117;6151098.825
11695;518208.927;6151078.75
11715;518215.623;6151059.739
11735;518219.876;6151040.197
11755;518224.129;6151020.654
11774;518228.382;6151001.112
11795;518230.192;6150981.037
11815;518236.887;6150962.026
11835;518241.14;6150942.484
11854;518245.393;6150922.941
11874;518249.646;6150903.399
11894;518251.456;6150883.324
11915;518258.151;6150864.313
11934;518262.404;6150844.771
11954;518266.657;6150825.228
11974;518270.91;6150805.686
11994;518272.72;6150785.611
12015;518279.416;6150766.6
12034;518283.668;6150747.058
12054;518287.921;6150727.515
12074;518292.174;6150707.973
12094;518293.984;6150687.898
12115;518303.465;6150669.046
12136;518315.711;6150652.423
12156;518330.451;6150638.73
12176;518345.161;6150625.179
12196;518358.177;6150609.79
12216;518374.58;6150598.078
12236;518389.29;6150584.527
12256;518403.999;6150570.976
12276;518418.709;6150557.425
12296;518431.725;6150542.035
12316;518448.128;6150530.323
12336;518462.838;6150516.772
12356;518477.547;6150503.221
12376;518492.257;6150489.67
12396;518505.273;6150474.28
12416;518521.676;6150462.568
12436;518536.386;6150449.017
12456;518551.095;6150435.466
12476;518565.805;6150421.915
12496;518578.821;6150406.526
12516;518595.224;6150394.813
12536;518609.934;6150381.262
12556;518624.643;6150367.712
12576;518639.353;6150354.161
12596;518652.368;6150338.771
12616;518668.772;6150327.059
12636;518683.482;6150313.508
12656;518698.191;6150299.957
12676;518712.901;6150286.406
12696;518725.916;6150271.016
12716;518742.32;6150259.304
12736;518757.029;6150245.753
12756;518771.739;6150232.202
12776;518786.449;6150218.651
12796;518799.464;6150203.262
12816;518815.868;6150191.549
12836;518830.577;6150177.998
12856;518845.287;6150164.447
12876;518859.997;6150150.896
12896;518873.012;6150135.507
12916;518889.416;6150123.795
12936;518904.125;6150110.244
12956;518918.835;6150096.693
12976;518933.544;6150083.142
12996;518946.56;6150067.752
13016;518962.964;6150056.04
13036;518977.673;6150042.489
13056;518992.383;6150028.938
13076;519007.092;6150015.387
13096;519020.108;6149999.997
13116;519036.512;6149988.285
13136;519051.221;6149974.734
13156;519065.931;6149961.183
13175;519080.64;6149947.632
13196;519093.656;6149932.243
13215;519109.041;6149920.138
13234;519125.15;6149910.027
13259;519122.744;6149884.654
13279;519123.121;6149864.838
13299;519125.823;6149845.477
13320;519134.597;6149825.724
13340;519144.775;6149808.508
13360;519154.954;6149791.292
13380;519165.132;6149774.076
13401;519177.925;6149757.351
13420;519183.703;6149738.979
13440;519192.13;6149720.84
13460;519200.556;6149702.702
13480;519208.983;6149684.564
13500;519215.142;6149665.373
13520;519225.836;6149648.288
13540;519234.262;6149630.149
13560;519242.689;6149612.011
13580;519251.115;6149593.873
13600;519257.275;6149574.682
13620;519267.968;6149557.597
13640;519276.395;6149539.459
13660;519284.821;6149521.32
13680;519293.248;6149503.182
13700;519299.407;6149483.991
13720;519310.101;6149466.906
13740;519318.528;6149448.768
13760;519326.954;6149430.629
13780;519337.366;6149412.937
13801;519349.593;6149396.498
13821;519365.502;6149384.124
13841;519379.645;6149369.982
13861;519393.787;6149355.84
13881;519407.929;6149341.697
13901;519420.303;6149325.788
13921;519436.213;6149313.413
13941;519450.355;6149299.271
13961;519464.497;6149285.129
13982;519485.313;6149280.732
14002;519505.54;6149280.854
14022;519525.042;6149285.946
14042;519544.871;6149288.56
14062;519564.489;6149290.824
14081;519583.59;6149288.718
14100;519600.587;6149279.201
14120;519619.711;6149272.835
14140;519637.757;6149264.212
14160;519655.803;6149255.59
14180;519673.849;6149246.968
14200;519690.817;6149236.09
14220;519709.941;6149229.724
14241;519729.181;6149222.795
14261;519748.617;6149218.079
14280;519768.053;6149213.364
14301;519786.9;6149206.219
14321;519806.925;6149203.933
14341;519826.362;6149199.218
14360;519845.798;6149194.503
14380;519865.234;6149189.787
14400;519884.081;6149182.643
14421;519904.106;6149180.357
14441;519923.543;6149175.641
14460;519942.979;6149170.926
14480;519962.415;6149166.211
14500;519981.262;6149159.066
14521;520001.287;6149156.78
14540;520020.724;6149152.065
14560;520040.16;6149147.349
14581;520060.318;6149144.649
14601;520080.012;6149140.359
14621;520100.156;6149141.048
14641;520120.074;6149139.248
14661;520139.993;6149137.448
14681;520159.912;6149135.647
14701;520179.606;6149131.357
14721;520199.75;6149132.046
14741;520219.668;6149130.246
14761;520239.587;6149128.446
14781;520259.506;6149126.645
14801;520279.2;6149122.355
14821;520299.344;6149123.045
14841;520319.263;6149121.244
14861;520339.181;6149119.444
14881;520359.1;6149117.644
14901;520378.794;6149113.353
14920;520398.278;6149113.042
14940;520417.456;6149107.366
14960;520436.633;6149101.69
14980;520455.811;6149096.014
15000;520474.279;6149087.941
15020;520494.166;6149084.662
15040;520513.344;6149078.986
15060;520532.522;6149073.31
15080;520551.699;6149067.634
15100;520570.167;6149059.56
15120;520590.055;6149056.282
15140;520609.232;6149050.606
15160;520628.41;6149044.929
15180;520647.588;6149039.253
15200;520666.056;6149031.18
15220;520685.943;6149027.901
15239;520703.736;6149020.409
15258;520718.631;6149008.267
15278;520730.017;6148992.389
15298;520738.729;6148974.214
15318;520751.647;6148958.742
15338;520762.462;6148941.919
15358;520773.278;6148925.095
15378;520784.093;6148908.272
15398;520792.805;6148890.096
15418;520805.723;6148874.624
15438;520816.538;6148857.801
15458;520827.353;6148840.977
15478;520838.169;6148824.154
15498;520847.641;6148805.782
15519;520864.864;6148793.509
15539;520881.445;6148782.326
15559;520898.026;6148771.143
15579;520914.608;6148759.96
15599;520929.791;6148746.704
15619;520947.77;6148737.594
15639;520964.352;6148726.411
15659;520980.933;6148715.227
15679;520997.514;6148704.044
15699;521012.698;6148690.789
15719;521030.677;6148681.678
15739;521047.258;6148670.495
15759;521063.839;6148659.312
15779;521080.421;6148648.129
15799;521095.604;6148634.873
15819;521113.583;6148625.763
15839;521130.164;6148614.58
15859;521146.746;6148603.397
15879;521163.327;6148592.214
15899;521178.51;6148578.958
15919;521196.49;6148569.848
15939;521213.071;6148558.664
15959;521229.652;6148547.481
15979;521246.233;6148536.298
15999;521261.417;6148523.043
16019;521279.396;6148513.932
16039;521295.977;6148502.749
16059;521312.558;6148491.566
16079;521329.14;6148480.383
16099;521344.323;6148467.127
16119;521361.845;6148457.623
16139;521377.761;6148445.511
16159;521393.677;6148433.4
16179;521409.592;6148421.288
16199;521423.994;6148407.187
16219;521441.424;6148397.065
16239;521457.339;6148384.953
16259;521473.255;6148372.842
16279;521489.171;6148360.73
16299;521503.572;6148346.629
16319;521521.002;6148336.507
16339;521536.918;6148324.395
16359;521552.833;6148312.283
16378;521568.749;6148300.172
16399;521583.151;6148286.071
16419;521600.58;6148275.948
16439;521616.496;6148263.837
16458;521632.412;6148251.725
16478;521648.327;6148239.613
16498;521662.729;6148225.512
16519;521681.647;6148216.638
16540;521701.504;6148210.984
16560;521721.48;6148208.922
16580;521741.378;6148206.907
16600;521761.025;6148202.405
16620;521781.175;6148202.877
16640;521801.073;6148200.862
16660;521820.971;6148198.847
16680;521840.87;6148196.832
16700;521860.516;6148192.33
16720;521880.666;6148192.803
16740;521900.564;6148190.788
16760;521920.463;6148188.773
16780;521940.361;6148186.758
16800;521960.007;6148182.256
16820;521980.157;6148182.728
16840;522000.056;6148180.714
16860;522019.954;6148178.699
16880;522039.852;6148176.684
16900;522059.498;6148172.182
16920;522079.649;6148172.654
16940;522099.547;6148170.639
16960;522119.374;6148168.575
16980;522139.213;6148166.043
17000;522158.735;6148161.03
17020;522178.891;6148160.978
17040;522198.73;6148158.445
17060;522218.569;6148155.913
17080;522238.408;6148153.38
17100;522257.931;6148148.368
17120;522278.086;6148148.315
17140;522297.925;6148145.783
17160;522317.764;6148143.251
17179;522337.603;6148140.718
17200;522357.126;6148135.706
17220;522377.281;6148135.653
17240;522397.12;6148133.121
17259;522416.959;6148130.588
17279;522436.798;6148128.056
17299;522456.321;6148123.044
17320;522476.476;6148122.991
17340;522496.315;6148120.459
17359;522516.154;6148117.926
17379;522535.993;6148115.394
17399;522555.516;6148110.382
17420;522575.671;6148110.329
17439;522595.511;6148107.797
17459;522615.35;6148105.264
17479;522635.189;6148102.732
17500;522655.6;6148099.019
17520;522675.5;6148102.223
17540;522695.487;6148102.929
17560;522715.475;6148103.634
17580;522735.462;6148104.34
17600;522755.538;6148102.547
17620;522775.437;6148105.751
17640;522795.425;6148106.457
17660;522815.413;6148107.162
17680;522835.4;6148107.868
17700;522855.476;6148106.075
17720;522875.375;6148109.279
17740;522895.363;6148109.985
17760;522915.35;6148110.69
17780;522935.338;6148111.396
17800;522955.414;6148109.603
17820;522975.313;6148112.807
17840;522995.3;6148113.513
17859;523014.461;6148111.676
17879;523032.89;6148104.971
17899;523050.478;6148095.127
17919;523069.948;6148089.915
17939;523088.477;6148082.387
17959;523107.007;6148074.859
17979;523125.536;6148067.331
17999;523143.124;6148057.487
18019;523162.594;6148052.275
18039;523181.123;6148044.747
18059;523199.652;6148037.219
18078;523218.182;6148029.691
18099;523235.77;6148019.847
18119;523255.24;6148014.636
18139;523273.769;6148007.108
18158;523292.298;6147999.58
18178;523310.828;6147992.052
18199;523328.416;6147982.208
18219;523347.886;6147976.996
18239;523366.415;6147969.468
18258;523384.944;6147961.94
18278;523403.473;6147954.412
18298;523421.062;6147944.568
18319;523440.532;6147939.356
18338;523459.061;6147931.828
18358;523477.59;6147924.3
18378;523496.119;6147916.773
18398;523513.707;6147906.928
18418;523533.178;6147901.717
18438;523551.707;6147894.189
18458;523570.236;6147886.661
18478;523588.765;6147879.133
18498;523606.353;6147869.289
18518;523625.823;6147864.077
18538;523644.353;6147856.549
18558;523662.882;6147849.021
18578;523681.411;6147841.493
18598;523698.999;6147831.649
18618;523718.469;6147826.437
18638;523736.999;6147818.909
18658;523755.528;6147811.382
18678;523774.057;6147803.854
18698;523791.645;6147794.01
18718;523811.115;6147788.798
18738;523829.644;6147781.27
18758;523848.174;6147773.742
18778;523866.703;6147766.214
18798;523884.291;6147756.37
18818;523903.761;6147751.158
18838;523922.29;6147743.63
18858;523940.819;6147736.102
18878;523959.349;6147728.574
18898;523976.937;6147718.73
18918;523996.407;6147713.518
18938;524014.936;6147705.991
18958;524033.465;6147698.463
18978;524051.994;6147690.935
18998;524069.583;6147681.091
19018;524088.675;6147675.656
19037;524104.188;6147664.315
19056;524115.857;6147649.047
19075;524122.728;6147631.101
19095;524123.927;6147611.088
19115;524130.01;6147591.872
19135;524133.633;6147572.203
19156;524140.07;6147552.607
19176;524151.796;6147535.615
19197;524164.644;6147519.845
19217;524180.913;6147507.948
19237;524195.468;6147494.231
19257;524210.023;6147480.514
19277;524224.578;6147466.797
19297;524237.419;6147451.261
19317;524253.688;6147439.363
19337;524268.243;6147425.647
19357;524282.798;6147411.93
19377;524297.353;6147398.213
19397;524310.194;6147382.677
19417;524326.463;6147370.779
19437;524341.018;6147357.062
19457;524355.573;6147343.345
19476;524370.128;6147329.629
19497;524382.969;6147314.092
19517;524399.238;6147302.195
19537;524413.793;6147288.478
19557;524428.348;6147274.761
19576;524442.903;6147261.044
19597;524455.744;6147245.508
19617;524472.013;6147233.61
19637;524486.568;6147219.894
19656;524501.123;6147206.177
19676;524515.678;6147192.46
19696;524528.518;6147176.924
19717;524544.788;6147165.026
19736;524559.343;6147151.309
19756;524573.898;6147137.592
19776;524588.453;6147123.876
19796;524601.293;6147108.339
19817;524617.563;6147096.442
19836;524632.118;6147082.725
19856;524646.673;6147069.008
19875;524661.798;6147058.189
19897;524668.343;6147036.887
19917;524680.521;6147020.827
19937;524690.535;6147003.514
19957;524700.549;6146986.202
19976;524711.959;6146971.467
19998;524727.524;6146955.009
20018;524745.527;6146945.945
20038;524762.137;6146934.806
20058;524778.747;6146923.666
20078;524795.358;6146912.526
20098;524810.576;6146899.31
20118;524828.579;6146890.247
20138;524845.189;6146879.107
20158;524861.8;6146867.967
20178;524878.41;6146856.828
20198;524893.628;6146843.612
20218;524911.631;6146834.548
20238;524928.241;6146823.409
20258;524944.852;6146812.269
20278;524961.462;6146801.129
20298;524976.68;6146787.913
20318;524994.683;6146778.85
20338;525011.294;6146767.71
20358;525027.904;6146756.57
20378;525044.514;6146745.431
20398;525059.732;6146732.215
20418;525077.735;6146723.151
20438;525094.346;6146712.011
20458;525110.956;6146700.872
20478;525127.567;6146689.732
20498;525142.785;6146676.516
20518;525160.788;6146667.453
20538;525177.398;6146656.313
20558;525194.008;6146645.173
20578;525210.619;6146634.033
20598;525225.837;6146620.817
20618;525243.84;6146611.754
20638;525260.45;6146600.614
20658;525277.061;6146589.475
20678;525293.671;6146578.335
20698;525308.889;6146565.119
20718;525326.892;6146556.055
20738;525343.502;6146544.916
20758;525360.113;6146533.776
20778;525376.723;6146522.636
20798;525391.941;6146509.42
20818;525409.944;6146500.357
20837;525424.653;6146487.864
20857;525436.815;6146472.22
20877;525448.95;6146456.322
20897;525459.098;6146438.907
20917;525473.22;6146424.526
20937;525485.354;6146408.628
20957;525497.489;6146392.73
20977;525509.624;6146376.832
20997;525519.771;6146359.417
21017;525533.894;6146345.036
21037;525546.028;6146329.138
21057;525558.163;6146313.24
21077;525570.298;6146297.342
21097;525580.445;6146279.927
21117;525594.567;6146265.546
21137;525606.702;6146249.648
21157;525618.837;6146233.75
21177;525630.972;6146217.852
21197;525641.119;6146200.437
21217;525655.241;6146186.055
21237;525667.376;6146170.157
21257;525679.511;6146154.259
21277;525691.646;6146138.361
21297;525701.793;6146120.947
21317;525715.915;6146106.565
21337;525728.05;6146090.667
21357;525740.185;6146074.769
21377;525752.319;6146058.871
21397;525762.614;6146041.44
21417;525777.031;6146027.354
21437;525789.492;6146011.71
21457;525801.953;6145996.067
21477;525814.414;6145980.423
21497;525824.92;6145963.222
21517;525839.337;6145949.136
21537;525851.798;6145933.493
21557;525864.259;6145917.849
21577;525876.72;6145902.206
21597;525887.226;6145885.005
21617;525901.642;6145870.919
21637;525914.104;6145855.275
21657;525926.565;6145839.632
21676;525939.026;6145823.988
21697;525949.532;6145806.787
21717;525963.948;6145792.701
21737;525976.409;6145777.058
21756;525988.871;6145761.414
21776;526001.332;6145745.771
21797;526011.838;6145728.57
21817;526026.254;6145714.484
21837;526038.715;6145698.84
21856;526051.177;6145683.197
21876;526063.638;6145667.553
21896;526074.143;6145650.352
21917;526088.56;6145636.266
21936;526101.021;6145620.623
21956;526113.482;6145604.979
21976;526125.944;6145589.336
21996;526136.449;6145572.135
22016;526150.866;6145558.049
22036;526163.327;6145542.405
22056;526175.788;6145526.762
22076;526188.249;6145511.118
22096;526198.755;6145493.917
22116;526213.172;6145479.831
22136;526225.633;6145464.188
22157;526238.812;6145448.668
22177;526254.224;6145435.729
22197;526267.983;6145421
22217;526284.944;6145410.111
22237;526300.304;6145397.302
22257;526315.664;6145384.493
22277;526331.024;6145371.684
22297;526344.783;6145356.955
22317;526361.745;6145346.067
22337;526377.105;6145333.258
22357;526392.465;6145320.449
22377;526407.825;6145307.64
22397;526421.584;6145292.911
22418;526440.658;6145283.515
22438;526459.286;6145276.194
22458;526478.668;6145271.259
22478;526498.05;6145266.325
22498;526516.815;6145258.969
22518;526536.813;6145256.457
22538;526556.195;6145251.523
22558;526575.577;6145246.589
22578;526594.959;6145241.655
22598;526613.724;6145234.298
22618;526633.722;6145231.787
22638;526653.104;6145226.853
22658;526672.486;6145221.919
22678;526691.868;6145216.984
22698;526710.633;6145209.628
22718;526730.632;6145207.116
22738;526750.013;6145202.182
22758;526769.395;6145197.248
22778;526788.777;6145192.314
22798;526807.542;6145184.957
22818;526827.541;6145182.446
22838;526846.922;6145177.512
22858;526866.304;6145172.578
22877;526885.686;6145167.644
22898;526904.451;6145160.287
22918;526924.45;6145157.775
22938;526943.831;6145152.841
22958;526963.213;6145147.907
22977;526982.595;6145142.973
22996;526999.441;6145133.954
23016;527016.615;6145124.799
23036;527032.427;6145112.552
23056;527048.238;6145100.305
23076;527064.05;6145088.058
23096;527078.331;6145073.835
23116;527095.674;6145063.565
23136;527111.486;6145051.318
23156;527127.298;6145039.071
23176;527143.11;6145026.824
23196;527157.391;6145012.601
23216;527174.734;6145002.331
23236;527190.546;6144990.084
23256;527206.357;6144977.837
23276;527222.169;6144965.591
23296;527236.45;6144951.367
23317;527255.951;6144942.588
23336;527265.587;6144925.661
23356;527277.631;6144909.694
23376;527289.675;6144893.727
23396;527299.723;6144876.254
23416;527313.762;6144861.793
23436;527325.806;6144845.826
23456;527337.85;6144829.859
23476;527349.894;6144813.891
23497;527362.008;6144796.753
23518;527380.478;6144787.281
23538;527397.456;6144776.711
23558;527414.435;6144766.141
23578;527431.414;6144755.571
23598;527447.071;6144742.878
23618;527465.371;6144734.431
23638;527482.35;6144723.861
23658;527499.328;6144713.291
23677;527516.307;6144702.721
23698;527531.964;6144690.028
23718;527550.264;6144681.581
23738;527567.243;6144671.011
23758;527584.221;6144660.44
23777;527601.2;6144649.87
23797;527616.158;6144637.139
23816;527630.929;6144625.156
23836;527640.409;6144607.994
23855;527649.412;6144590.135
23875;527658.415;6144572.276
23895;527665.186;6144553.292
23916;527676.421;6144536.558
23935;527685.425;6144518.699
23955;527694.428;6144500.84
23975;527703.431;6144482.981
23995;527710.202;6144463.997
24015;527721.437;6144447.263
24035;527730.441;6144429.404
24055;527739.444;6144411.545
24075;527748.447;6144393.686
24095;527755.218;6144374.702
24115;527766.453;6144357.968
24135;527775.457;6144340.109
24156;527786.869;6144322.973
24176;527801.248;6144308.815
24196;527813.896;6144293.122
24216;527830.018;6144281.025
24236;527844.403;6144267.13
24256;527858.788;6144253.235
24276;527873.173;6144239.34
24296;527885.821;6144223.647
24316;527901.943;6144211.55
24336;527916.328;6144197.655
24356;527930.712;6144183.76
24376;527945.097;6144169.865
24396;527957.746;6144154.171
24416;527973.867;6144142.075
24436;527988.252;6144128.179
24456;528002.637;6144114.284
24476;528017.022;6144100.389
24496;528029.67;6144084.696
24516;528045.792;6144072.599
24536;528060.177;6144058.704
24556;528074.562;6144044.809
24576;528088.947;6144030.914
24596;528101.595;6144015.221
24616;528117.717;6144003.124
24636;528132.102;6143989.229
24656;528146.487;6143975.334
24676;528160.872;6143961.439
24696;528173.52;6143945.745
24716;528189.642;6143933.648
24736;528204.027;6143919.753
24756;528218.308;6143905.89
24775;528229.487;6143890.26
24794;528233.734;6143871.254
24814;528241.734;6143852.754
24834;528247.334;6143833.554
24854;528252.933;6143814.354
24874;528258.533;6143795.154
24894;528261.733;6143775.254
24914;528269.733;6143756.753
24934;528275.333;6143737.553
24954;528280.932;6143718.353
24974;528286.532;6143699.153
24994;528289.732;6143679.253
25014;528297.732;6143660.753
25034;528303.332;6143641.553
25054;528309.381;6143622.226
25075;528319.856;6143604.434
25096;528332.921;6143588.322
25116;528349.77;6143577.26
25136;528364.999;6143564.295
25155;528380.227;6143551.331
25175;528393.387;6143537.222
25194;528399.628;6143519.254
25213;528405.399;6143501.13
25232;528403.304;6143482.018
25252;528398.385;6143462.632
25272;528393.465;6143443.246
25292;528386.123;6143424.476
25314;528392.643;6143402.971
25334;528406.961;6143389.027
25353;528418.591;6143373.729
25372;528425.416;6143355.765
25392;528426.392;6143335.768
25412;528432.236;6143316.478
25432;528435.615;6143296.766
25452;528438.995;6143277.053
25472;528442.374;6143257.341
25492;528443.29;6143237.206
25512;528449.133;6143217.916
25532;528452.513;6143198.204
25552;528455.892;6143178.491
25572;528459.272;6143158.779
25592;528460.187;6143138.644
25612;528466.031;6143119.354
25632;528469.411;6143099.642
25652;528472.79;6143079.929
25672;528476.17;6143060.217
25692;528477.085;6143040.082
25712;528482.929;6143020.792
25732;528486.308;6143001.08
25752;528490.335;6142981.132
25772;528496.977;6142962.214
25792;528501.254;6142942.518
25812;528508.686;6142924.585
25831;528509.509;6142904.887
25851;528509.935;6142884.892
25871;528510.36;6142864.896
25892;528509.403;6142844.117
25912;528515.558;6142824.924
25932;528519.256;6142805.269
25952;528522.954;6142785.614
25972;528526.652;6142765.959
25992;528527.893;6142745.841
26012;528534.047;6142726.649
26032;528537.745;6142706.993
26052;528541.443;6142687.338
26072;528545.141;6142667.683
26092;528546.382;6142647.566
26112;528552.537;6142628.373
26132;528556.234;6142608.717
26152;528559.932;6142589.062
26173;528574.339;6142573.635
26193;528589.441;6142560.287
26213;528607.365;6142551.068
26233;528623.878;6142539.784
26253;528640.391;6142528.501
26273;528656.904;6142517.217
26293;528672.007;6142503.869
26313;528689.93;6142494.65
26333;528706.443;6142483.366
26353;528722.956;6142472.083
26373;528740.361;6142461.566
26393;528757.28;6142450.612
26413;528776.375;6142444.159
26433;528794.381;6142435.456
26453;528812.388;6142426.752
26473;528830.395;6142418.048
26493;528847.314;6142407.094
26513;528866.409;6142400.641
26533;528884.416;6142391.937
26553;528902.423;6142383.234
26573;528920.429;6142374.53
26593;528937.348;6142363.576
26613;528956.443;6142357.123
26633;528974.45;6142348.419
26653;528992.457;6142339.716
26673;529010.464;6142331.012
26693;529027.383;6142320.058
26713;529046.477;6142313.605
26733;529064.806;6142305.07
26754;529084.97;6142300.631
26774;529104.943;6142299.301
26794;529124.733;6142295.48
26814;529144.855;6142296.648
26834;529164.811;6142295.321
26854;529184.538;6142293.784
26874;529204.316;6142290.813
26894;529223.723;6142285.371
26914;529243.873;6142284.872
26934;529263.651;6142281.902
26954;529283.429;6142278.931
26974;529303.207;6142275.96
26994;529322.614;6142270.517
27014;529342.764;6142270.019
27034;529362.542;6142267.048
27054;529382.32;6142264.078
27073;529402.098;6142261.107
27081;529409.307;6142262.552
27095;529422.278;6142257.242
27115;529442.332;6142259.265
27135;529462.327;6142258.789
27155;529482.321;6142258.313
27175;529502.315;6142257.837
27195;529522.25;6142254.862
27215;529542.304;6142256.885
27233;529560.488;6142258.953
27255;529582.311;6142263.083
27275;529601.419;6142268.99
27295;529621.265;6142272.509
27315;529639.634;6142280.805
27335;529658.742;6142286.712
27355;529677.849;6142292.62
27375;529696.957;6142298.527
27395;529716.803;6142302.046
27415;529735.172;6142310.342
27435;529754.28;6142316.249
27455;529773.298;6142322.055
27474;529792.397;6142324.176
27493;529810.53;6142318.432
27513;529829.245;6142312.756
27532;529847.24;6142304.027
27552;529865.235;6142295.299
27572;529883.23;6142286.57
27592;529900.134;6142275.593
27612;529919.22;6142269.113
27632;529937.214;6142260.385
27652;529955.209;6142251.657
27672;529973.204;6142242.928
27692;529990.108;6142231.95
27712;530009.194;6142225.471
27732;530027.189;6142216.743
27752;530045.183;6142208.014
27772;530063.178;6142199.286
27792;530080.082;6142188.308
27812;530099.227;6142184.579
27833;530120.063;6142179.326
27853;530139.893;6142176.727
27873;530159.723;6142174.127
27893;530179.229;6142169.049
27913;530199.384;6142168.928
27933;530219.214;6142166.328
27953;530239.045;6142163.729
27973;530258.875;6142161.129
27993;530278.38;6142156.051
28013;530298.536;6142155.93
28032;530317.778;6142155.929
28053;530336.561;6142146.272
28073;530355.305;6142139.298
28093;530373.177;6142129.98
28113;530392.794;6142125.348
28133;530411.538;6142118.373
28153;530430.282;6142111.398
28173;530449.027;6142104.424
28193;530466.899;6142095.106
28213;530486.516;6142090.474
28233;530505.26;6142083.499
28253;530524.004;6142076.525
28274;530543.755;6142071.041
28295;530564.555;6142068.625
28315;530584.185;6142073.199
28335;530604.075;6142075.286
28354;530623.966;6142077.374
28374;530643.857;6142079.461
28394;530664.009;6142079.062
28415;530683.639;6142083.635
28434;530703.529;6142085.723
28454;530723.42;6142087.81
28474;530743.311;6142089.897
28494;530763.463;6142089.498
28515;530783.092;6142094.072
28534;530802.983;6142096.159
28554;530822.874;6142098.247
28574;530842.765;6142100.334
28594;530862.916;6142099.935
28614;530882.546;6142104.508
28634;530902.437;6142106.596
28654;530922.328;6142108.683
28674;530942.219;6142110.77
28694;530962.37;6142110.371
28714;530982;6142114.945
28734;531001.891;6142117.032
28754;531021.782;6142119.119
28774;531041.456;6142119.302
28794;531061.407;6142116.437
28814;531081.449;6142118.571
28834;531101.446;6142118.206
28854;531121.442;6142117.841
28874;531141.439;6142117.476
28894;531161.39;6142114.611
28914;531181.432;6142116.745
28934;531201.429;6142116.38
28954;531221.426;6142116.014
28974;531241.422;6142115.649
28994;531261.373;6142112.784
29014;531281.416;6142114.919
29034;531301.412;6142114.553
29054;531321.409;6142114.188
29074;531341.406;6142113.823
29094;531361.357;6142110.958
29114;531381.399;6142113.092
29134;531401.396;6142112.727
29154;531421.392;6142112.361
29174;531441.389;6142111.996
29194;531461.34;6142109.131
29214;531481.382;6142111.266
29234;531501.379;6142110.9
29254;531521.376;6142110.535
29274;531541.372;6142110.17
29294;531561.323;6142107.305
29314;531581.366;6142109.439
29334;531601.362;6142109.074
29354;531621.359;6142108.709
29374;531641.356;6142108.343
29394;531661.307;6142105.478
29414;531681.349;6142107.613
29434;531701.346;6142107.247
29454;531721.342;6142106.882
29474;531741.339;6142106.517
29494;531761.29;6142103.652
29514;531781.332;6142105.786
29534;531801.329;6142105.421
29554;531821.326;6142105.056
29573;531841.322;6142104.69
29594;531861.273;6142101.825
29614;531881.316;6142103.96
29634;531901.312;6142103.594
29654;531921.309;6142103.229
29673;531941.306;6142102.864
29694;531961.257;6142099.999
29714;531981.299;6142102.133
29734;532001.296;6142101.768
29753;532021.292;6142101.403
29773;532041.289;6142101.037
29793;532061.24;6142098.173
29814;532081.615;6142101.024
29835;532101.531;6142106.468
29855;532119.047;6142117.204
29875;532134.933;6142129.355
29895;532152.338;6142139.52
29915;532166.705;6142153.656
29935;532182.59;6142165.807
29955;532198.476;6142177.958
29975;532214.362;6142190.108
29995;532231.767;6142200.274
30015;532246.134;6142214.41
30035;532262.019;6142226.561
30055;532277.905;6142238.712
30075;532293.791;6142250.862
30095;532310.794;6142261.552
30115;532325.563;6142275.164
30135;532341.449;6142287.315
30155;532357.334;6142299.465
30175;532373.22;6142311.616
30194;532390.416;6142321.22
30214;532406.848;6142331.414
30233;532425.52;6142338.578
30253;532444.193;6142345.743
30273;532462.866;6142352.907
30293;532482.434;6142357.737
30314;532500.211;6142367.236
30333;532518.884;6142374.4
30353;532537.556;6142381.565
30373;532556.229;6142388.729
30393;532575.797;6142393.56
30413;532593.575;6142403.058
30433;532612.247;6142410.223
30453;532630.92;6142417.387
30473;532649.593;6142424.552
30493;532669.161;6142429.382
30513;532686.938;6142438.881
30533;532705.611;6142446.045
30553;532724.284;6142453.21
30573;532742.956;6142460.374
30593;532762.525;6142465.205
30613;532780.302;6142474.703
30633;532798.974;6142481.868
30653;532817.647;6142489.032
30673;532836.32;6142496.197
30693;532855.888;6142501.027
30713;532873.665;6142510.526
30733;532892.338;6142517.69
30753;532911.011;6142524.855
30773;532929.683;6142532.019
30793;532949.252;6142536.85
30813;532967.029;6142546.348
30833;532985.701;6142553.513
30853;533004.374;6142560.677
30873;533023.047;6142567.842
30893;533042.615;6142572.672
30913;533060.392;6142582.171
30933;533079.065;6142589.335
30953;533097.738;6142596.5
30973;533116.41;6142603.664
30994;533134.973;6142613.464
31013;533153.351;6142619.434
31033;533171.413;6142628.022
31053;533189.475;6142636.61
31073;533207.538;6142645.198
31093;533226.674;6142651.528
31113;533243.662;6142662.374
31133;533261.725;6142670.962
31153;533279.787;6142679.55
31173;533297.849;6142688.138
31193;533316.985;6142694.468
31213;533333.974;6142705.314
31233;533352.036;6142713.902
31253;533370.099;6142722.49
31273;533387.633;6142732.74
31293;533405.72;6142741.634
31313;533421.061;6142754.707
31333;533437.775;6142765.691
31353;533454.489;6142776.674
31373;533471.203;6142787.658
31393;533489.29;6142796.552
31413;533504.631;6142809.625
31433;533521.345;6142820.608
31453;533538.06;6142831.592
31473;533554.774;6142842.575
31493;533572.861;6142851.47
31513;533588.202;6142864.543
31533;533604.916;6142875.526
31553;533621.63;6142886.51
31573;533638.344;6142897.493
31593;533656.431;6142906.388
31613;533671.772;6142919.46
31633;533688.486;6142930.444
31653;533705.201;6142941.427
31673;533721.915;6142952.411
31693;533740.002;6142961.305
31713;533755.343;6142974.378
31733;533772.057;6142985.362
31753;533788.771;6142996.345
31773;533805.485;6143007.329
31793;533823.572;6143016.223
31813;533838.913;6143029.296
31833;533855.628;6143040.279
31853;533872.342;6143051.263
31872;533887.1;6143063.953
31894;533905.384;6143074.927
31914;533917.887;6143090.736
31934;533932.144;6143104.763
31954;533946.401;6143118.789
31973;533960.657;6143132.816
31994;533976.667;6143145.06
32014;533989.171;6143160.869
32034;534003.427;6143174.896
32053;534017.684;6143188.922
32073;534031.941;6143202.949
32093;534047.951;6143215.194
32114;534060.454;6143231.002
32133;534074.711;6143245.029
32153;534088.968;6143259.056
32173;534103.224;6143273.082
32193;534119.234;6143285.327
32213;534133.025;6143298.937
32233;534149.48;6143310.305
32253;534165.935;6143321.672
32273;534182.391;6143333.04
32293;534200.267;6143342.351
32313;534215.301;6143355.775
32333;534231.757;6143367.143
32353;534248.212;6143378.51
32372;534264.668;6143389.878
32393;534282.544;6143399.188
32413;534297.578;6143412.613
32433;534314.034;6143423.98
32452;534330.489;6143435.348
32472;534346.944;6143446.715
32493;534364.821;6143456.026
32513;534379.855;6143469.45
32533;534396.31;6143480.818
32552;534412.766;6143492.185
32572;534429.221;6143503.553
32592;534447.098;6143512.863
32613;534462.132;6143526.288
32632;534478.587;6143537.655
32652;534495.043;6143549.023
32672;534511.498;6143560.391
32692;534529.374;6143569.701
32712;534544.409;6143583.126
32732;534560.864;6143594.493
32752;534577.32;6143605.861
32772;534593.775;6143617.228
32792;534611.651;6143626.539
32812;534626.686;6143639.963
32832;534643.141;6143651.331
32852;534659.596;6143662.698
32872;534676.052;6143674.066
32892;534693.928;6143683.376
32912;534708.963;6143696.801
32932;534725.418;6143708.168
32952;534741.873;6143719.536
32972;534758.329;6143730.903
32992;534776.205;6143740.214
33012;534791.592;6143752.661
33032;534808.997;6143762.513
33052;534826.402;6143772.366
33072;534843.807;6143782.218
33092;534862.443;6143789.895
33112;534878.617;6143801.923
33132;534896.021;6143811.775
33152;534913.426;6143821.627
33172;534930.831;6143831.48
33192;534949.468;6143839.157
33212;534965.641;6143851.185
33232;534983.046;6143861.037
33252;535000.451;6143870.889
33272;535017.856;6143880.742
33292;535036.492;6143888.418
33312;535052.666;6143900.446
33332;535070.071;6143910.299
33352;535087.475;6143920.151
33372;535104.88;6143930.003
33392;535123.517;6143937.68
33412;535139.69;6143949.708
33432;535157.095;6143959.56
33452;535174.5;6143969.413
33472;535191.905;6143979.265
33492;535210.541;6143986.942
33512;535226.715;6143998.97
33532;535244.12;6144008.822
33552;535261.525;6144018.675
33572;535278.93;6144028.527
33592;535297.566;6144036.204
33612;535313.739;6144048.232
33632;535331.144;6144058.084
33652;535348.549;6144067.936
33671;535365.954;6144077.789
33692;535384.591;6144085.465
33712;535400.764;6144097.493
33732;535418.169;6144107.346
33751;535435.574;6144117.198
33771;535452.979;6144127.051
33792;535471.615;6144134.727
33812;535487.789;6144146.755
33832;535505.193;6144156.608
33851;535522.598;6144166.46
33871;535540.003;6144176.312
33891;535558.64;6144183.989
33912;535574.813;6144196.017
33931;535592.218;6144205.869
33951;535609.623;6144215.722
33971;535627.028;6144225.574
33991;535645.664;6144233.251
34011;535661.838;6144245.279
34031;535679.243;6144255.131
34051;535696.648;6144264.984
34071;535714.052;6144274.836
34091;535732.689;6144282.513
34111;535748.862;6144294.541
34131;535766.267;6144304.393
34151;535783.672;6144314.245
34171;535801.077;6144324.098
34191;535819.713;6144331.774
34211;535835.881;6144343.558
34231;535853.742;6144352.557
34251;535871.603;6144361.556
34271;535889.464;6144370.555
34291;535908.45;6144377.322
34311;535925.186;6144388.554
34331;535943.047;6144397.553
34351;535960.908;6144406.552
34371;535978.769;6144415.551
34391;535997.755;6144422.317
34411;536014.491;6144433.549
34431;536032.352;6144442.548
34451;536050.213;6144451.547
34471;536068.074;6144460.546
34491;536087.06;6144467.313
34511;536103.796;6144478.544
34531;536121.657;6144487.544
34551;536139.518;6144496.543
34571;536157.379;6144505.542
34591;536176.365;6144512.308
34611;536193.101;6144523.54
34631;536210.962;6144532.539
34651;536228.823;6144541.538
34671;536246.685;6144550.537
34691;536265.67;6144557.304
34711;536282.407;6144568.535
34731;536300.268;6144577.534
34751;536318.129;6144586.534
34771;536335.99;6144595.533
34791;536354.976;6144602.299
34811;536371.712;6144613.531
34831;536389.573;6144622.53
34851;536407.434;6144631.529
34871;536425.295;6144640.528
34891;536444.281;6144647.295
34911;536461.017;6144658.526
34931;536478.878;6144667.525
34951;536496.739;6144676.524
34971;536514.6;6144685.523
34991;536533.586;6144692.29
35011;536550.322;6144703.522
35031;536568.183;6144712.521
35051;536586.044;6144721.52
35071;536603.905;6144730.519
35091;536622.891;6144737.285
35111;536639.627;6144748.517
35131;536657.488;6144757.516
35151;536675.349;6144766.515
35171;536693.21;6144775.514
35191;536712.196;6144782.281
35211;536728.932;6144793.513
35231;536746.793;6144802.512
35251;536764.654;6144811.511
35271;536782.515;6144820.51
35291;536801.501;6144827.276
35311;536818.237;6144838.508
35331;536836.099;6144847.507
35351;536853.96;6144856.506
35370;536871.821;6144865.505
35391;536890.806;6144872.272
35411;536907.543;6144883.503
35431;536925.404;6144892.503
35451;536943.265;6144901.502
35471;536960.94;6144911.713
35491;536977.764;6144923.292
35511;536990.822;6144938.646
35531;537005.57;6144952.156
35551;537020.317;6144965.666
35571;537035.064;6144979.176
35591;537051.5;6144990.842
35611;537064.559;6145006.196
35631;537079.306;6145019.706
35651;537094.053;6145033.216
35671;537108.8;6145046.726
35691;537125.236;6145058.392
35711;537138.295;6145073.746
35731;537153.042;6145087.256
35751;537167.789;6145100.766
35771;537182.536;6145114.275
35791;537198.972;6145125.942
35811;537212.031;6145141.295
35831;537226.778;6145154.805
35851;537241.525;6145168.315
35871;537256.272;6145181.825
35891;537272.708;6145193.492
35911;537285.767;6145208.845
35931;537300.514;6145222.355
35951;537315.261;6145235.865
35971;537330.009;6145249.375
35991;537346.445;6145261.042
36011;537359.503;6145276.395
36031;537374.25;6145289.905
36051;537388.997;6145303.415
36071;537403.745;6145316.925
36091;537420.181;6145328.592
36111;537433.239;6145343.945
36131;537447.986;6145357.455
36151;537462.734;6145370.965
36171;537477.481;6145384.475
36191;537493.917;6145396.141
36211;537506.975;6145411.495
36231;537521.723;6145425.005
36251;537536.47;6145438.515
36271;537551.217;6145452.025
36291;537567.653;6145463.691
36311;537580.711;6145479.045
36331;537595.459;6145492.555
36351;537610.206;6145506.065
36371;537624.953;6145519.575
36391;537641.389;6145531.241
36411;537654.448;6145546.595
36431;537669.195;6145560.105
36451;537683.942;6145573.615
36471;537698.689;6145587.124
36490;537715.091;6145597.489
36508;537723.715;6145613.441
36535;537750.25;6145610.261
36555;537770.189;6145609.779
36574;537790.182;6145609.28
36595;537810.114;6145606.282
36615;537830.17;6145608.282
36634;537849.54;6145606.454
36653;537867.58;6145599.53
36673;537885.395;6145590.44
36694;537902.846;6145579.348
36715;537923.911;6145577.461
36735;537944.216;6145578.277
36755;537964.163;6145579.737
36775;537984.109;6145581.197
36795;538004.238;6145580.164
36815;538024.002;6145584.118
36835;538043.949;6145585.578
36855;538063.896;6145587.038
36875;538083.842;6145588.499
36895;538103.971;6145587.466
36915;538123.736;6145591.419
36935;538143.682;6145592.88
36955;538163.629;6145594.34
36975;538183.575;6145595.8
36995;538203.705;6145594.767
37015;538223.352;6145598.372
37035;538243.348;6145598.764
37055;538263.344;6145599.157
37075;538283.34;6145599.549
37095;538303.584;6145597.492
37116;538323.462;6145603.353
37136;538343.107;6145607.107
37155;538362.751;6145610.861
37175;538382.396;6145614.615
37195;538402.51;6145615.914
37216;538421.685;6145622.124
37235;538441.33;6145625.878
37255;538460.974;6145629.632
37275;538480.619;6145633.386
37296;538501.32;6145637.412
37317;538517.927;6145649.227
37337;538535.483;6145658.808
37356;538553.039;6145668.389
37376;538570.595;6145677.97
37397;538589.348;6145685.356
37417;538605.706;6145697.131
37437;538623.262;6145706.712
37456;538640.818;6145716.293
37476;538658.374;6145725.874
37496;538677.127;6145733.261
37517;538693.485;6145745.036
37536;538711.041;6145754.617
37556;538728.597;6145764.198
37576;538746.264;6145772.822
37596;538765.792;6145777.813
37616;538783.491;6145787.457
37636;538802.104;6145794.775
37656;538820.717;6145802.093
37676;538839.33;6145809.411
37696;538858.858;6145814.402
37716;538876.556;6145824.047
37736;538895.17;6145831.364
37756;538913.783;6145838.682
37776;538932.396;6145846
37796;538951.924;6145850.991
37816;538969.622;6145860.636
37836;538988.235;6145867.954
37856;539006.849;6145875.271
37876;539025.462;6145882.589
37896;539044.99;6145887.58
37916;539062.688;6145897.225
37936;539081.301;6145904.543
37956;539099.914;6145911.861
37976;539118.527;6145919.178
37996;539138.055;6145924.17
38016;539156.032;6145932.381
38035;539175.189;6145938.126
38055;539194.346;6145943.87
38075;539213.503;6145949.615
38095;539233.379;6145952.965
38116;539251.818;6145961.104
38135;539270.975;6145966.848
38155;539290.133;6145972.593
38175;539309.29;6145978.337
38195;539329.165;6145981.687
38215;539347.604;6145989.826
38235;539366.762;6145995.57
38255;539385.919;6146001.315
38275;539405.076;6146007.059
38295;539424.952;6146010.409
38315;539443.391;6146018.548
38335;539462.548;6146024.293
38355;539481.705;6146030.037
38375;539500.863;6146035.782
38395;539520.738;6146039.132
38415;539539.177;6146047.271
38435;539558.315;6146051.506
38455;539578.099;6146054.437
38475;539597.883;6146057.368
38495;539618.033;6146057.826
38515;539637.451;6146063.23
38535;539657.235;6146066.16
38555;539677.019;6146069.091
38575;539696.803;6146072.022
38596;539717.645;6146074.358
38617;539734.795;6146086.734
38637;539749.257;6146101.469
38658;539760.304;6146119.223
38679;539750.242;6146137.971
38699;539735.317;6146151.518
38719;539717.517;6146160.974
38728;539712.246;6146167.735
